BEGIN TRANSACTION;
CREATE TABLE IF NOT EXISTS "KilometerPaces" (
	"Id"	INTEGER NOT NULL,
	"Kilometer"	REAL NOT NULL,
	"Pace"	INTEGER NOT NULL,
	"RunId"	INTEGER,
	CONSTRAINT "FK_KilometerPaces_Runs_RunId" FOREIGN KEY("RunId") REFERENCES "Runs"("Id"),
	CONSTRAINT "PK_KilometerPaces" PRIMARY KEY("Id" AUTOINCREMENT)
);
CREATE TABLE IF NOT EXISTS "AspNetUsers" (
	"Id"	TEXT NOT NULL,
	"AccessFailedCount"	INTEGER NOT NULL,
	"ConcurrencyStamp"	TEXT,
	"Email"	TEXT,
	"EmailConfirmed"	INTEGER NOT NULL,
	"FirstName"	TEXT,
	"LastName"	TEXT,
	"LockoutEnabled"	INTEGER NOT NULL,
	"LockoutEnd"	TEXT,
	"NormalizedEmail"	TEXT,
	"NormalizedUserName"	TEXT,
	"PasswordHash"	TEXT,
	"PhoneNumber"	TEXT,
	"PhoneNumberConfirmed"	INTEGER NOT NULL,
	"SecurityStamp"	TEXT,
	"TwoFactorEnabled"	INTEGER NOT NULL,
	"UserName"	TEXT,
	"Birthdate"	TEXT NOT NULL DEFAULT '0001-01-01 00:00:00',
	"Gender"	TEXT,
	"Height"	INTEGER NOT NULL DEFAULT 0,
	"Weight"	INTEGER NOT NULL DEFAULT 0,
	"ProfileImagePath"	TEXT,
	CONSTRAINT "PK_AspNetUsers" PRIMARY KEY("Id")
);
CREATE TABLE IF NOT EXISTS "Runs" (
	"Id"	INTEGER NOT NULL,
	"Calories"	INTEGER NOT NULL,
	"Date"	TEXT NOT NULL,
	"Distance"	REAL NOT NULL,
	"Duration"	TEXT NOT NULL,
	"Image"	TEXT,
	"Note"	TEXT,
	"Pace"	INTEGER NOT NULL,
	"Rating"	INTEGER NOT NULL,
	"UserId"	TEXT NOT NULL,
	"Type"	TEXT NOT NULL DEFAULT '',
	CONSTRAINT "FK_Runs_AspNetUsers_UserId" FOREIGN KEY("UserId") REFERENCES "AspNetUsers"("Id") ON DELETE CASCADE,
	CONSTRAINT "PK_Runs" PRIMARY KEY("Id" AUTOINCREMENT)
);
CREATE TABLE IF NOT EXISTS "Coordinates" (
	"Id"	INTEGER NOT NULL,
	"Latitude"	REAL NOT NULL,
	"Longitude"	REAL NOT NULL,
	"RunId"	INTEGER NOT NULL,
	CONSTRAINT "FK_Coordinates_Runs_RunId" FOREIGN KEY("RunId") REFERENCES "Runs"("Id") ON DELETE CASCADE,
	CONSTRAINT "PK_Coordinates" PRIMARY KEY("Id" AUTOINCREMENT)
);
CREATE TABLE IF NOT EXISTS "UserConnections" (
	"Id"	INTEGER NOT NULL,
	"FollowingUserId"	TEXT,
	"FollowedUserId"	TEXT,
	"ConnectedOn"	TEXT NOT NULL,
	CONSTRAINT "FK_UserConnections_AspNetUsers_FollowedUserId" FOREIGN KEY("FollowedUserId") REFERENCES "AspNetUsers"("Id") ON DELETE CASCADE,
	CONSTRAINT "FK_UserConnections_AspNetUsers_FollowingUserId" FOREIGN KEY("FollowingUserId") REFERENCES "AspNetUsers"("Id") ON DELETE CASCADE,
	CONSTRAINT "PK_UserConnections" PRIMARY KEY("Id" AUTOINCREMENT)
);
CREATE TABLE IF NOT EXISTS "Comments" (
	"Id"	INTEGER NOT NULL,
	"RunId"	INTEGER NOT NULL,
	"UserId"	TEXT,
	"Text"	TEXT,
	"CreatedAt"	TEXT NOT NULL,
	CONSTRAINT "FK_Comments_Runs_RunId" FOREIGN KEY("RunId") REFERENCES "Runs"("Id") ON DELETE CASCADE,
	CONSTRAINT "PK_Comments" PRIMARY KEY("Id" AUTOINCREMENT)
);
CREATE TABLE IF NOT EXISTS "Likes" (
	"Id"	INTEGER NOT NULL,
	"RunId"	INTEGER NOT NULL,
	"UserId"	TEXT,
	CONSTRAINT "FK_Likes_Runs_RunId" FOREIGN KEY("RunId") REFERENCES "Runs"("Id") ON DELETE CASCADE,
	CONSTRAINT "PK_Likes" PRIMARY KEY("Id" AUTOINCREMENT)
);
CREATE TABLE IF NOT EXISTS "Challenges" (
	"Id"	INTEGER NOT NULL,
	"ChallengeType"	TEXT,
	"EndDate"	TEXT NOT NULL,
	"InviteeId"	TEXT,
	"InviterId"	TEXT,
	"StartDate"	TEXT NOT NULL,
	"Status"	TEXT,
	CONSTRAINT "FK_Challenges_AspNetUsers_InviteeId" FOREIGN KEY("InviteeId") REFERENCES "AspNetUsers"("Id") ON DELETE RESTRICT,
	CONSTRAINT "FK_Challenges_AspNetUsers_InviterId" FOREIGN KEY("InviterId") REFERENCES "AspNetUsers"("Id") ON DELETE RESTRICT,
	CONSTRAINT "PK_Challenges" PRIMARY KEY("Id" AUTOINCREMENT)
);
CREATE TABLE IF NOT EXISTS "ChallengeInvitations" (
	"Id"	INTEGER NOT NULL,
	"InviteeId"	TEXT,
	"InviterId"	TEXT,
	"IsAccepted"	INTEGER NOT NULL,
	"SentAt"	TEXT NOT NULL,
	CONSTRAINT "FK_ChallengeInvitations_AspNetUsers_InviteeId" FOREIGN KEY("InviteeId") REFERENCES "AspNetUsers"("Id") ON DELETE RESTRICT,
	CONSTRAINT "FK_ChallengeInvitations_AspNetUsers_InviterId" FOREIGN KEY("InviterId") REFERENCES "AspNetUsers"("Id") ON DELETE RESTRICT,
	CONSTRAINT "PK_ChallengeInvitations" PRIMARY KEY("Id" AUTOINCREMENT)
);
INSERT INTO "KilometerPaces" VALUES (1,1.0,321,17);
INSERT INTO "KilometerPaces" VALUES (2,1.0,321,18);
INSERT INTO "KilometerPaces" VALUES (3,1.0,321,19);
INSERT INTO "KilometerPaces" VALUES (4,1.0,321,20);
INSERT INTO "KilometerPaces" VALUES (5,1.0,321,21);
INSERT INTO "KilometerPaces" VALUES (6,1.0,321,22);
INSERT INTO "KilometerPaces" VALUES (7,1.0,321,23);
INSERT INTO "KilometerPaces" VALUES (8,1.0,321,24);
INSERT INTO "KilometerPaces" VALUES (9,1.0,321,25);
INSERT INTO "KilometerPaces" VALUES (10,1.0,321,26);
INSERT INTO "KilometerPaces" VALUES (11,1.0,321,27);
INSERT INTO "KilometerPaces" VALUES (12,1.0,321,28);
INSERT INTO "KilometerPaces" VALUES (13,1.0,321,29);
INSERT INTO "KilometerPaces" VALUES (14,1.0,321,30);
INSERT INTO "KilometerPaces" VALUES (15,1.0,321,31);
INSERT INTO "KilometerPaces" VALUES (16,1.0,321,32);
INSERT INTO "KilometerPaces" VALUES (17,1.0,321,33);
INSERT INTO "KilometerPaces" VALUES (18,1.0,321,34);
INSERT INTO "KilometerPaces" VALUES (19,1.0,321,35);
INSERT INTO "KilometerPaces" VALUES (20,1.0,321,36);
INSERT INTO "KilometerPaces" VALUES (21,1.0,321,37);
INSERT INTO "KilometerPaces" VALUES (22,1.0,321,38);
INSERT INTO "KilometerPaces" VALUES (23,1.0,321,39);
INSERT INTO "KilometerPaces" VALUES (24,1.0,321,40);
INSERT INTO "KilometerPaces" VALUES (25,1.0,321,41);
INSERT INTO "KilometerPaces" VALUES (26,1.0,321,42);
INSERT INTO "KilometerPaces" VALUES (27,1.0,321,43);
INSERT INTO "KilometerPaces" VALUES (28,1.0,321,44);
INSERT INTO "KilometerPaces" VALUES (29,1.0,321,45);
INSERT INTO "KilometerPaces" VALUES (30,1.0,321,46);
INSERT INTO "KilometerPaces" VALUES (31,1.0,321,47);
INSERT INTO "KilometerPaces" VALUES (32,1.0,321,48);
INSERT INTO "KilometerPaces" VALUES (33,1.0,321,49);
INSERT INTO "KilometerPaces" VALUES (34,1.0,321,50);
INSERT INTO "KilometerPaces" VALUES (35,1.0,321,51);
INSERT INTO "KilometerPaces" VALUES (36,1.0,321,52);
INSERT INTO "KilometerPaces" VALUES (37,1.0,321,53);
INSERT INTO "KilometerPaces" VALUES (38,1.0,321,54);
INSERT INTO "KilometerPaces" VALUES (39,1.0,321,55);
INSERT INTO "KilometerPaces" VALUES (40,1.0,321,56);
INSERT INTO "KilometerPaces" VALUES (41,1.0,321,57);
INSERT INTO "KilometerPaces" VALUES (42,1.0,321,58);
INSERT INTO "KilometerPaces" VALUES (43,1.0,321,59);
INSERT INTO "KilometerPaces" VALUES (44,1.0,321,60);
INSERT INTO "KilometerPaces" VALUES (45,1.0,321,61);
INSERT INTO "KilometerPaces" VALUES (46,1.0,321,62);
INSERT INTO "KilometerPaces" VALUES (47,1.0,321,63);
INSERT INTO "KilometerPaces" VALUES (48,1.0,321,64);
INSERT INTO "KilometerPaces" VALUES (49,1.0,321,65);
INSERT INTO "KilometerPaces" VALUES (50,1.0,321,66);
INSERT INTO "KilometerPaces" VALUES (51,1.0,321,67);
INSERT INTO "KilometerPaces" VALUES (52,1.0,321,68);
INSERT INTO "KilometerPaces" VALUES (53,1.0,321,69);
INSERT INTO "KilometerPaces" VALUES (54,1.0,321,70);
INSERT INTO "KilometerPaces" VALUES (55,1.0,321,71);
INSERT INTO "KilometerPaces" VALUES (56,1.0,321,72);
INSERT INTO "KilometerPaces" VALUES (57,1.0,321,73);
INSERT INTO "KilometerPaces" VALUES (58,1.0,321,74);
INSERT INTO "KilometerPaces" VALUES (59,1.0,321,75);
INSERT INTO "KilometerPaces" VALUES (60,1.0,321,76);
INSERT INTO "KilometerPaces" VALUES (61,1.0,321,77);
INSERT INTO "KilometerPaces" VALUES (62,1.0,321,78);
INSERT INTO "KilometerPaces" VALUES (63,1.0,321,79);
INSERT INTO "KilometerPaces" VALUES (64,1.0,321,80);
INSERT INTO "KilometerPaces" VALUES (65,1.0,321,81);
INSERT INTO "KilometerPaces" VALUES (66,1.0,321,82);
INSERT INTO "KilometerPaces" VALUES (67,1.0,321,83);
INSERT INTO "KilometerPaces" VALUES (68,1.0,321,84);
INSERT INTO "KilometerPaces" VALUES (69,1.0,321,85);
INSERT INTO "KilometerPaces" VALUES (70,1.0,321,86);
INSERT INTO "KilometerPaces" VALUES (71,1.0,321,87);
INSERT INTO "KilometerPaces" VALUES (72,1.0,321,88);
INSERT INTO "KilometerPaces" VALUES (73,1.0,321,89);
INSERT INTO "KilometerPaces" VALUES (74,1.0,321,90);
INSERT INTO "KilometerPaces" VALUES (75,1.0,321,91);
INSERT INTO "KilometerPaces" VALUES (76,1.0,321,92);
INSERT INTO "KilometerPaces" VALUES (77,1.0,321,93);
INSERT INTO "KilometerPaces" VALUES (78,1.0,321,94);
INSERT INTO "KilometerPaces" VALUES (79,1.0,321,95);
INSERT INTO "KilometerPaces" VALUES (80,1.0,321,96);
INSERT INTO "KilometerPaces" VALUES (81,1.0,321,97);
INSERT INTO "KilometerPaces" VALUES (82,1.0,321,98);
INSERT INTO "KilometerPaces" VALUES (83,1.0,321,99);
INSERT INTO "KilometerPaces" VALUES (84,1.0,321,100);
INSERT INTO "KilometerPaces" VALUES (85,1.0,321,101);
INSERT INTO "KilometerPaces" VALUES (86,1.0,321,102);
INSERT INTO "KilometerPaces" VALUES (87,1.0,321,103);
INSERT INTO "KilometerPaces" VALUES (88,1.0,321,104);
INSERT INTO "KilometerPaces" VALUES (89,1.0,321,105);
INSERT INTO "KilometerPaces" VALUES (90,1.0,321,106);
INSERT INTO "KilometerPaces" VALUES (91,1.0,321,107);
INSERT INTO "KilometerPaces" VALUES (92,1.0,321,108);
INSERT INTO "KilometerPaces" VALUES (93,1.0,321,109);
INSERT INTO "KilometerPaces" VALUES (94,1.0,321,110);
INSERT INTO "KilometerPaces" VALUES (95,1.0,321,111);
INSERT INTO "KilometerPaces" VALUES (96,1.0,321,112);
INSERT INTO "KilometerPaces" VALUES (97,1.0,321,113);
INSERT INTO "KilometerPaces" VALUES (98,1.0,321,114);
INSERT INTO "KilometerPaces" VALUES (99,1.0,321,115);
INSERT INTO "KilometerPaces" VALUES (100,1.0,321,116);
INSERT INTO "KilometerPaces" VALUES (101,1.0,321,117);
INSERT INTO "KilometerPaces" VALUES (102,1.0,321,118);
INSERT INTO "KilometerPaces" VALUES (103,1.0,321,119);
INSERT INTO "KilometerPaces" VALUES (104,1.0,321,120);
INSERT INTO "KilometerPaces" VALUES (105,1.0,321,121);
INSERT INTO "KilometerPaces" VALUES (106,1.0,321,122);
INSERT INTO "KilometerPaces" VALUES (107,1.0,321,123);
INSERT INTO "KilometerPaces" VALUES (108,1.0,321,124);
INSERT INTO "KilometerPaces" VALUES (109,1.0,321,125);
INSERT INTO "KilometerPaces" VALUES (110,1.0,321,126);
INSERT INTO "KilometerPaces" VALUES (111,1.0,321,127);
INSERT INTO "KilometerPaces" VALUES (112,1.0,321,128);
INSERT INTO "KilometerPaces" VALUES (113,1.0,321,129);
INSERT INTO "KilometerPaces" VALUES (114,1.0,321,130);
INSERT INTO "KilometerPaces" VALUES (115,1.0,321,131);
INSERT INTO "KilometerPaces" VALUES (116,1.0,321,132);
INSERT INTO "KilometerPaces" VALUES (117,1.0,321,133);
INSERT INTO "KilometerPaces" VALUES (118,1.0,321,134);
INSERT INTO "KilometerPaces" VALUES (119,1.0,321,135);
INSERT INTO "AspNetUsers" VALUES ('812c5485-083d-4345-b475-0a40f701490f',0,'9cac7fb9-f328-42b1-8d22-ae55e46b0419','testuser@example.com',0,'bb','emma',1,NULL,'TESTUSER@EXAMPLE.COM','TESTUSER','AQAAAAIAAYagAAAAEFpW7FM6X+AWIb43av3Yb6dZwrjQ1D2Cs+hLiKhFwduFBbZ47QbhD534H+rY7MNJPA==',NULL,0,'PCQZOIP7OOKBY5HLAGSSX64F7SSRFRZX',0,'testuser','0001-01-01 00:00:00',NULL,0,0,NULL);
INSERT INTO "AspNetUsers" VALUES ('8a2cea98-d90e-499a-bb59-726684c3dcb7',0,'e55c9ae8-2dc4-47e1-96b2-e5861f737d7a','testuser@example.com',0,'bqqb','emmaaa',1,NULL,'TESTUSER@EXAMPLE.COM','TESTUSER1','AQAAAAIAAYagAAAAEKOPhX7k7RNVvg86XfH7DJhqgYSwbTAHfNvHQab21rXHUZAZycfYhuwtmOKRhsqvMg==',NULL,0,'V7N7O2AYDWMVTLEN72XHGXJTNWFE3KBR',0,'testuser1','0001-01-01 00:00:00',NULL,0,0,NULL);
INSERT INTO "AspNetUsers" VALUES ('ae43bebb-61c1-42e4-82d4-7d56d7752d86',0,'497e40ae-9d73-40ed-b1e1-09945c927e97','testuser@example.com',0,'Zsóka','Bartal',1,NULL,'TESTUSER@EXAMPLE.COM','ZSOKA','AQAAAAIAAYagAAAAEHoBN6X/1D8mlTEY0b7dEu1m4rtL/Fd63qPnOe6raERD2vv93maATMP2WSDan8v6Ww==',NULL,0,'3XO4AH7NVC3MMUNEONA6UTZ3M7RZKBFP',0,'zsoka','1998-04-30 00:00:00','female',167,53,'profileImage\ae43bebb-61c1-42e4-82d4-7d56d7752d86\58f9b221-4b70-4829-812e-77d79a3420e7.PNG');
INSERT INTO "AspNetUsers" VALUES ('6070f55c-a247-40ae-9d92-86bd17db807a',0,'72afcbd1-305f-4d06-9001-d5a3912d3a23','nen.enej@wjjw.xx',0,'zs','B',1,NULL,'NEN.ENEJ@WJJW.XX','BELLA','AQAAAAIAAYagAAAAEInVzSZ152RcWQifeEBEwO5/kwvNZ4UkUxlhmMRBeiXueOZjYzQgAz6nD5E6MKbpfg==',NULL,0,'7TD6ZAJMJC6B5R7D4LPE2ZWCJ44CHP6I',0,'bella','0001-01-01 00:00:00',NULL,0,0,NULL);
INSERT INTO "AspNetUsers" VALUES ('0afa9596-b950-4ee3-8e9b-0869d4efc4f3',0,'ff2a8cc8-c240-49f3-b3a6-0e09bd3f80e9','zso@gmail.com',0,'Zso','B',1,NULL,'ZSO@GMAIL.COM','ZSOKAB','AQAAAAIAAYagAAAAEFevjp/BPFpPQOM0iq1hmrJcKK4FO5jbwoUMgIsnuCsKOcN70maSWv8GMojbI7XHcA==',NULL,0,'ASAQDUG5BDFANBHVDDNYUI7T3WVIG4ZG',0,'zsokab','1998-04-30 00:00:00','female',167,55,NULL);
INSERT INTO "AspNetUsers" VALUES ('5fa52346-6512-47ac-b5fc-6b962b71b43f',0,'0176b089-ac6d-4557-bd85-167ee974769d','testuser@example.com',0,'John','Doe',1,NULL,'TESTUSER@EXAMPLE.COM','TESTUS','AQAAAAIAAYagAAAAEO+YjjGFtsHGw1R79WfJWIyEAnPb8xR4CVauUhcCh8JdJXlGX5qSx7EpUbmHEeGY0g==',NULL,0,'XJYS4ZF3W7Y6CCKUDPY77GVEMHRKRDOL',0,'testus','1995-06-15 00:00:00','Male',175,70,NULL);
INSERT INTO "AspNetUsers" VALUES ('fcf77a6e-0e82-4c5e-ba86-bfe079659c14',0,'4c855b4a-adf5-408f-80a3-4ab9f7691c0c','testuser@example.com',0,'John','Doe',1,NULL,'TESTUSER@EXAMPLE.COM','TESTUPS','AQAAAAIAAYagAAAAEAHwclCIqlsNcCaOhzY8HjSMbR1sNrVtoSo+s/x7905+L4I2a0NhO/zT9eTarVXuYQ==',NULL,0,'MOYVKZA2OEZUFYLPBPX3LWBDI3H2C6A6',0,'testups','1995-06-15 00:00:00','Male',175,70,NULL);
INSERT INTO "AspNetUsers" VALUES ('9dac2a9f-922e-4da0-9c38-3652bca8fadc',0,'11bb320a-aad1-4fd1-9fdc-3333f9c5d92d','skd@emd.d',0,'sofi','Sod',1,NULL,'SKD@EMD.D','SOFI','AQAAAAIAAYagAAAAEOeZKB1qUcAeIaaRmSx7sK1C8gs9DtjQJA4Kl6S/sN3AepJ7UGR8Q/IznVqSApWUqg==',NULL,0,'3RNOZLKIZJUFLRAK2P2WYEZMPA2EZ6KX',0,'sofi','1998-09-09 00:00:00','female',165,60,NULL);
INSERT INTO "AspNetUsers" VALUES ('4ced3804-797c-41d6-a469-45c5b10038a9',0,'ab8579d5-b950-44b0-b704-cf045bf4f316','zoe@fms.sa',0,'Zoe','Zos',1,NULL,'ZOE@FMS.SA','ZOE','AQAAAAIAAYagAAAAEEYaLTn2J4TLVZnLVqG4K1m5zl2e4cEPwrBWfcxgcT7vXFA6cUN5SXf+hYRBNmd87A==',NULL,0,'GPZKQQZNIDXG5NWNZDWWGKYFRGLSYHGZ',0,'zoe','2000-01-01 00:00:00','female',165,58,NULL);
INSERT INTO "AspNetUsers" VALUES ('bae520dd-3ab4-4582-90ae-b9d507454f96',0,'577f2593-fb8c-46d8-b11f-1a4e7100815e','john@example.com',0,'John','Doe',1,NULL,'JOHN@EXAMPLE.COM','JOHNDOE','AQAAAAIAAYagAAAAEIhwT/HrvF6yXCM0HAs34URgNV11GmQDoHEABXKObszSFNWN7pk0DTZD6TvoO7j16A==',NULL,0,'QP6TKM3J3L3FQT7OXW77EOSBPUS7JHYA',0,'johndoe','1995-06-15 00:00:00','male',175,70,NULL);
INSERT INTO "AspNetUsers" VALUES ('01368d89-cfb9-4f97-a272-43afbcc09592',0,'5dc7ce23-2e5d-4ad5-8347-1c2013c2cf8b','sidi@dks.e',0,'Suaha','Kekesk',1,NULL,'SIDI@DKS.E','PIROSKA','AQAAAAIAAYagAAAAEIip5iZzAgiil+ziwq71MKPa1fg1wYD6/ue99O9CgwBuTQh5Kp1s7YsL1hGiJoXVKQ==',NULL,0,'JUDWIU4DRHOSNGSWJPPOVK27H6FTESET',0,'piroska','1987-12-12 00:00:00','female',150,50,NULL);
INSERT INTO "AspNetUsers" VALUES ('7b56d4c7-d71b-4170-a3a3-25ba61de3879',0,'67250bd5-1ad2-45f1-9c10-b42d457f5315','skksd.sks@ska.sk',0,'Sxm','Dmdmd',1,NULL,'SKKSD.SKS@SKA.SK','PIROSKA1','AQAAAAIAAYagAAAAEBfX90v1Z2kATg3qyoek3R7i22P/1aQCT2qN9fnheAB/PKfjMkDm78AclWjwco+Lgg==',NULL,0,'4TYP4SWLFEEYO57BDCSIC52Q7IRMAYY4',0,'piroska1','1990-12-14 00:00:00','female',160,66,'profileImage\7b56d4c7-d71b-4170-a3a3-25ba61de3879\9e2a0656-393b-4b05-973e-767b3f67256d.jpg');
INSERT INTO "AspNetUsers" VALUES ('453643c6-58aa-4da6-9a03-4f956ce07570',0,'14ed7af6-b973-445d-9efb-f139b43dc823','dnem@enen.e',0,'Emma','emm',1,NULL,'DNEM@ENEN.E','EMMA','AQAAAAIAAYagAAAAELHjQcQytUDmyU5tckOB3CGAO2MBTJJe2tj37KV2PTOXvrTuk2XHxVTShFct/5VpVA==',NULL,0,'7Q3TMZBF22NIH3Y4QENUTPTTPPXVOWAB',0,'emma','1997-12-12 00:00:00','female',170,58,'profileImage\453643c6-58aa-4da6-9a03-4f956ce07570\be2e8360-5b1e-4ede-a6d7-e51d0dae293c.jpg');
INSERT INTO "AspNetUsers" VALUES ('f7433fcc-8c57-4722-a293-b47e09a8312c',0,'b75cc1ee-126a-4240-ba78-6746f94130c7','zsod@sjd.xx',0,'Zsoka','Bartal',1,NULL,'ZSOD@SJD.XX','ZSOKAB3','AQAAAAIAAYagAAAAEJ6Mz3SonW2PgNa7Arz00DTOyw7px6hTFckOTgdkIUSTdDvlmuO73K4vXOxcrBOxsA==',NULL,0,'6MTRSZIQHYRFTMRWRMD45HAW6VQIW6SQ',0,'zsokab3','1998-09-09 00:00:00','female',171,50,NULL);
INSERT INTO "AspNetUsers" VALUES ('da13c0af-4b59-4728-89d0-93ab8625bd78',0,'2c4a60ce-b76b-4d0e-9883-da126afa875c','lilla@test.com',0,'Lilla','Nagy',1,NULL,'LILLA@TEST.COM','LILLA','AQAAAAIAAYagAAAAEFRPRrfdOTyhmnwHM3oUtpXOBe87Q9cRxkjcmUooftrm8zWIPi1MDHquNS5wm+Trzg==',NULL,0,'TH3NP4NWAW2ALYGBZY2TSR6FCSHIH763',0,'lilla','1998-02-02 00:00:00','female',165,54,'profileImage\da13c0af-4b59-4728-89d0-93ab8625bd78\2abed634-9b16-4b94-9f70-9c6f860009db.PNG');
INSERT INTO "Runs" VALUES (1,0,'2024-11-11 10:00:00',5.0,'00:45:00',NULL,NULL,6.5,0,'812c5485-083d-4345-b475-0a40f701490f','');
INSERT INTO "Runs" VALUES (2,0,'2024-11-11 12:00:00',5.0,'00:30:00',NULL,NULL,'00:06:00',0,'812c5485-083d-4345-b475-0a40f701490f','');
INSERT INTO "Runs" VALUES (3,0,'2024-11-11 12:00:00',5.0,'00:30:00',NULL,NULL,'00:06:00',0,'812c5485-083d-4345-b475-0a40f701490f','');
INSERT INTO "Runs" VALUES (4,0,'2024-11-11 12:00:00',5.0,'00:30:00',NULL,NULL,'00:06:00',0,'812c5485-083d-4345-b475-0a40f701490f','');
INSERT INTO "Runs" VALUES (5,0,'2024-11-11 12:00:00',5.0,'00:30:00',NULL,NULL,'00:06:00',0,'812c5485-083d-4345-b475-0a40f701490f','');
INSERT INTO "Runs" VALUES (6,0,'2024-11-11 12:00:00',5.0,'00:30:00',NULL,NULL,'00:06:00',0,'812c5485-083d-4345-b475-0a40f701490f','');
INSERT INTO "Runs" VALUES (7,0,'2024-11-11 12:00:00',5.0,'00:30:00',NULL,NULL,'00:06:00',0,'812c5485-083d-4345-b475-0a40f701490f','');
INSERT INTO "Runs" VALUES (8,0,'2024-11-11 20:25:17.56',0.0,'00:00:11',NULL,NULL,'00:11:08',0,'812c5485-083d-4345-b475-0a40f701490f','');
INSERT INTO "Runs" VALUES (9,0,'2024-11-11 20:25:17.56',0.0,'00:00:11',NULL,NULL,'00:11:08',0,'812c5485-083d-4345-b475-0a40f701490f','');
INSERT INTO "Runs" VALUES (10,0,'2024-11-11 21:44:14.847',0.0,'00:00:01',NULL,NULL,'00:00:00',0,'812c5485-083d-4345-b475-0a40f701490f','');
INSERT INTO "Runs" VALUES (11,0,'2024-11-11 21:45:16.222',0.0,'00:00:01',NULL,NULL,'00:00:00',0,'812c5485-083d-4345-b475-0a40f701490f','');
INSERT INTO "Runs" VALUES (12,0,'2024-11-11 21:49:05.305',0.0,'00:00:05',NULL,NULL,'16:41:42',0,'812c5485-083d-4345-b475-0a40f701490f','');
INSERT INTO "Runs" VALUES (13,0,'2024-11-11 20:25:17.56',0.0,'00:00:11',NULL,NULL,'00:11:08',0,'ae43bebb-61c1-42e4-82d4-7d56d7752d86','');
INSERT INTO "Runs" VALUES (14,0,'2024-11-12 23:00:02.611',0.0,'00:00:02',NULL,NULL,'00:00:00',0,'ae43bebb-61c1-42e4-82d4-7d56d7752d86','');
INSERT INTO "Runs" VALUES (15,0,'2024-11-13 17:36:00.709',0.04,'00:00:11',NULL,NULL,'00:00:00',0,'ae43bebb-61c1-42e4-82d4-7d56d7752d86','');
INSERT INTO "Runs" VALUES (16,0,'2024-11-11 20:25:17.56',0.0,'00:00:11',NULL,NULL,'00:11:08',0,'ae43bebb-61c1-42e4-82d4-7d56d7752d86','');
INSERT INTO "Runs" VALUES (17,1234,'2024-11-15 22:47:10.988',0.0,'00:00:01','fakebase64','Test note',12,1,'ae43bebb-61c1-42e4-82d4-7d56d7752d86','');
INSERT INTO "Runs" VALUES (18,1234,'2024-11-18 12:00:00',0.0,'00:00:00','image_url_here','This is a test note',12,5,'ae43bebb-61c1-42e4-82d4-7d56d7752d86','gi');
INSERT INTO "Runs" VALUES (19,1234,'2024-11-18 12:00:00',0.0,'00:00:00','image_url_here','This is a test note',12,5,'ae43bebb-61c1-42e4-82d4-7d56d7752d86','gi');
INSERT INTO "Runs" VALUES (20,1234,'2024-11-18 12:00:00',0.0,'00:00:00','image_url_here','This is a test note',12,5,'ae43bebb-61c1-42e4-82d4-7d56d7752d86','gi');
INSERT INTO "Runs" VALUES (21,1234,'2024-11-18 12:00:00',0.0,'00:00:00','image_url_here','This is a test note',12,5,'ae43bebb-61c1-42e4-82d4-7d56d7752d86','gi');
INSERT INTO "Runs" VALUES (22,1234,'2024-11-18 10:20:20.897',0.0,'00:00:01','fake','',12,1,'ae43bebb-61c1-42e4-82d4-7d56d7752d86','free');
INSERT INTO "Runs" VALUES (23,1234,'2024-11-18 10:20:43.157',0.03,'00:00:01','fake','',12,1,'ae43bebb-61c1-42e4-82d4-7d56d7752d86','Week 1, Day 2');
INSERT INTO "Runs" VALUES (24,1234,'2024-11-18 10:22:14.077',0.6,'00:00:01','fake','',12,1,'ae43bebb-61c1-42e4-82d4-7d56d7752d86','Week 1, Day 2');
INSERT INTO "Runs" VALUES (25,1234,'2025-02-18 10:22:38.687',0.6,'00:00:01','fake','',12,1,'ae43bebb-61c1-42e4-82d4-7d56d7752d86','Week 1, Day 2');
INSERT INTO "Runs" VALUES (26,1234,'2024-11-18 10:22:50.312',0.47,'00:00:00','fake','',12,1,'ae43bebb-61c1-42e4-82d4-7d56d7752d86','Week 1, Day 2');
INSERT INTO "Runs" VALUES (27,1234,'2024-11-18 10:22:53.497',0.47,'00:00:00','fake','',12,1,'ae43bebb-61c1-42e4-82d4-7d56d7752d86','Week 1, Day 2');
INSERT INTO "Runs" VALUES (28,1234,'2024-11-18 10:23:06.063',0.47,'00:00:00','fake','',12,1,'ae43bebb-61c1-42e4-82d4-7d56d7752d86','Week 1, Day 2');
INSERT INTO "Runs" VALUES (29,1234,'2024-11-22 19:33:10.126',0.0,'00:00:01',NULL,'',12,1,'ae43bebb-61c1-42e4-82d4-7d56d7752d86','Week 1, Day 2');
INSERT INTO "Runs" VALUES (30,1234,'2024-11-22 19:38:59.205',0.0,'00:00:01',NULL,'',12,1,'ae43bebb-61c1-42e4-82d4-7d56d7752d86','Week 1, Day 2');
INSERT INTO "Runs" VALUES (31,1234,'2024-11-22 19:39:16.373',0.0,'00:00:01','testimage','',12,1,'ae43bebb-61c1-42e4-82d4-7d56d7752d86','Week 1, Day 2');
INSERT INTO "Runs" VALUES (32,1234,'2024-11-22 19:55:29.514',0.41,'00:00:00','testimage','',12,1,'ae43bebb-61c1-42e4-82d4-7d56d7752d86','Week 1, Day 2');
INSERT INTO "Runs" VALUES (33,1234,'2025-01-15 19:55:53.079',0.41,'00:00:00','testimage','',12,1,'ae43bebb-61c1-42e4-82d4-7d56d7752d86','Week 1, Day 2');
INSERT INTO "Runs" VALUES (34,1234,'2024-11-22 20:36:34.74',0.52,'00:00:00',NULL,'',12,1,'ae43bebb-61c1-42e4-82d4-7d56d7752d86','Week 1, Day 2');
INSERT INTO "Runs" VALUES (35,1234,'2024-11-22 20:36:49.18',0.52,'00:00:00',NULL,'',12,1,'ae43bebb-61c1-42e4-82d4-7d56d7752d86','Week 1, Day 2');
INSERT INTO "Runs" VALUES (36,1234,'2024-11-22 20:42:53.881',0.0,'00:00:01',NULL,'',12,1,'ae43bebb-61c1-42e4-82d4-7d56d7752d86','Week 1, Day 2');
INSERT INTO "Runs" VALUES (37,1234,'2024-11-22 20:44:59.041',0.0,'00:00:00',NULL,'',12,1,'ae43bebb-61c1-42e4-82d4-7d56d7752d86','Week 1, Day 2');
INSERT INTO "Runs" VALUES (38,1234,'2024-11-22 20:45:07.408',0.0,'00:00:00',NULL,'',12,1,'ae43bebb-61c1-42e4-82d4-7d56d7752d86','Week 1, Day 2');
INSERT INTO "Runs" VALUES (39,1234,'2024-11-22 20:48:39.179',0.0,'00:00:01',NULL,'',12,1,'ae43bebb-61c1-42e4-82d4-7d56d7752d86','Week 1, Day 2');
INSERT INTO "Runs" VALUES (40,1234,'2024-11-22 20:49:19.521',0.0,'00:00:01',NULL,'',12,1,'ae43bebb-61c1-42e4-82d4-7d56d7752d86','Week 1, Day 2');
INSERT INTO "Runs" VALUES (41,1234,'2024-11-22 20:50:02.566',0.0,'00:00:00',NULL,'',12,1,'ae43bebb-61c1-42e4-82d4-7d56d7752d86','Week 1, Day 2');
INSERT INTO "Runs" VALUES (42,1234,'2024-11-22 20:59:03.207',0.0,'00:00:00',NULL,'',12,1,'ae43bebb-61c1-42e4-82d4-7d56d7752d86','Week 1, Day 2');
INSERT INTO "Runs" VALUES (43,1234,'2024-11-22 21:17:35.624',0.0,'00:00:01',NULL,'',12,1,'ae43bebb-61c1-42e4-82d4-7d56d7752d86','Week 1, Day 2');
INSERT INTO "Runs" VALUES (44,1234,'2024-11-22 21:20:25.039',0.0,'00:00:00','upload/ae43bebb-61c1-42e4-82d4-7d56d7752d86/94f5bcc4-0c37-4a9c-8aaa-0d31318bceb7.jpg','',12,1,'ae43bebb-61c1-42e4-82d4-7d56d7752d86','Week 1, Day 2');
INSERT INTO "Runs" VALUES (45,1234,'2024-11-22 21:46:57.806',0.0,'00:00:01',NULL,'',12,1,'ae43bebb-61c1-42e4-82d4-7d56d7752d86','Week 1, Day 2');
INSERT INTO "Runs" VALUES (46,1234,'2024-11-22 21:57:01.771',0.0,'00:00:01','upload/46/97e7c7af-c6b7-40bc-9c4b-76eb4f506ac9.jpg','',12,1,'ae43bebb-61c1-42e4-82d4-7d56d7752d86','Week 1, Day 2');
INSERT INTO "Runs" VALUES (47,1234,'2024-11-22 22:10:38.58',0.0,'00:00:01','upload/47/IMG_1959.jpg','',12,1,'ae43bebb-61c1-42e4-82d4-7d56d7752d86','Week 1, Day 2');
INSERT INTO "Runs" VALUES (48,1234,'2024-11-22 22:13:54.488',0.0,'00:00:01','upload/48/IMG_1960.PNG','',12,1,'ae43bebb-61c1-42e4-82d4-7d56d7752d86','Week 1, Day 2');
INSERT INTO "Runs" VALUES (49,1234,'2024-11-25 11:32:41.818',0.0,'00:00:01','upload/49/IMG_1960.PNG','',12,1,'ae43bebb-61c1-42e4-82d4-7d56d7752d86','Week 1, Day 2');
INSERT INTO "Runs" VALUES (50,1234,'2024-11-25 11:32:52.152',0.0,'00:00:01','upload/50/IMG_1960.PNG','',12,1,'ae43bebb-61c1-42e4-82d4-7d56d7752d86','Week 1, Day 2');
INSERT INTO "Runs" VALUES (51,1234,'2024-11-25 11:31:56.656',0.0,'00:00:01','upload/51/b4490bc8-ad90-4dab-b7ff-8ebbd5d7b32d.jpg','B',12,1,'ae43bebb-61c1-42e4-82d4-7d56d7752d86','Week 1, Day 2');
INSERT INTO "Runs" VALUES (52,1234,'2024-11-25 11:35:46.67',0.0,'00:00:01',NULL,'',12,1,'ae43bebb-61c1-42e4-82d4-7d56d7752d86','Week 1, Day 2');
INSERT INTO "Runs" VALUES (53,1234,'2024-11-25 14:46:18.468',0.0,'00:00:01','upload/53/7555d2a0-93c9-4270-94b6-9d44422cc5be.jpg','',12,1,'ae43bebb-61c1-42e4-82d4-7d56d7752d86','Week 1, Day 2');
INSERT INTO "Runs" VALUES (54,10,'2024-11-25 15:22:15.129',0.0,'00:00:00','','',12,3,'ae43bebb-61c1-42e4-82d4-7d56d7752d86','Free Run');
INSERT INTO "Runs" VALUES (55,0,'2024-11-25 20:05:30.233',0.4,'00:00:11','upload/54/923ffacd-809b-472d-a422-0b87c71ec829.jpg','Good run',12,1,'ae43bebb-61c1-42e4-82d4-7d56d7752d86','Week 1, Day 2');
INSERT INTO "Runs" VALUES (56,0,'2024-11-25 22:01:08.698',0.0,'00:00:11',NULL,'Good',12,1,'ae43bebb-61c1-42e4-82d4-7d56d7752d86','Week 1, Day 2');
INSERT INTO "Runs" VALUES (57,0,'2024-11-25 22:49:22.717',0.0,'00:00:11',NULL,'Good run',12,1,'ae43bebb-61c1-42e4-82d4-7d56d7752d86','Week 1, Day 2');
INSERT INTO "Runs" VALUES (58,0,'2024-11-25 22:52:30.364',0.0,'00:00:11',NULL,'Good run',12,1,'ae43bebb-61c1-42e4-82d4-7d56d7752d86','Week 1, Day 2');
INSERT INTO "Runs" VALUES (59,0,'2024-11-26 10:26:01.633',0.0,'00:00:11',NULL,'Fio',12,1,'ae43bebb-61c1-42e4-82d4-7d56d7752d86','Week 1, Day 2');
INSERT INTO "Runs" VALUES (60,0,'2024-12-11 10:41:33.98',0.0,'00:00:11',NULL,'ch',12,3,'ae43bebb-61c1-42e4-82d4-7d56d7752d86','Week 1, Day 2');
INSERT INTO "Runs" VALUES (61,0,'2024-12-19 13:25:49.978',0.0,'00:00:11',NULL,'',12,2,'ae43bebb-61c1-42e4-82d4-7d56d7752d86','Week 1, Day 2');
INSERT INTO "Runs" VALUES (62,0,'2024-12-19 13:25:52.325',0.0,'00:00:11',NULL,'',12,2,'ae43bebb-61c1-42e4-82d4-7d56d7752d86','Week 1, Day 2');
INSERT INTO "Runs" VALUES (63,10,'2025-01-16 12:26:32.432',0.0,'00:00:05',NULL,'',12,3,'ae43bebb-61c1-42e4-82d4-7d56d7752d86','Week 1, Day 2');
INSERT INTO "Runs" VALUES (64,0,'2025-01-16 12:26:58.793',0.0,'00:00:11',NULL,'',12,4,'ae43bebb-61c1-42e4-82d4-7d56d7752d86','Week 1, Day 2');
INSERT INTO "Runs" VALUES (65,10,'2025-01-30 22:19:00.635',0.0,'00:00:10',NULL,'Hhb',12,1,'6070f55c-a247-40ae-9d92-86bd17db807a','Week 1, Day 2');
INSERT INTO "Runs" VALUES (66,10,'2025-01-30 22:19:06.433',0.0,'00:00:10',NULL,'Hhb',12,1,'6070f55c-a247-40ae-9d92-86bd17db807a','Week 1, Day 2');
INSERT INTO "Runs" VALUES (67,10,'2025-01-30 22:19:15.2',0.0,'00:00:10',NULL,'Hhb',12,1,'6070f55c-a247-40ae-9d92-86bd17db807a','Week 1, Day 2');
INSERT INTO "Runs" VALUES (68,0,'2025-01-30 22:22:19.718',0.0,'00:00:11',NULL,'Hi',12,1,'ae43bebb-61c1-42e4-82d4-7d56d7752d86','Week 1, Day 2');
INSERT INTO "Runs" VALUES (69,0,'2025-01-30 22:22:36.183',0.0,'00:00:11',NULL,'Hi',12,1,'ae43bebb-61c1-42e4-82d4-7d56d7752d86','Week 1, Day 2');
INSERT INTO "Runs" VALUES (70,10,'2025-01-31 16:15:21.779',0.0,'00:00:09',NULL,'Nn',12,1,'ae43bebb-61c1-42e4-82d4-7d56d7752d86','Free Run');
INSERT INTO "Runs" VALUES (71,10,'2025-02-01 18:44:29.999',0.0,'00:00:04',NULL,' Nd',12,1,'ae43bebb-61c1-42e4-82d4-7d56d7752d86','Week 1, Day 2');
INSERT INTO "Runs" VALUES (72,10,'2025-02-01 18:49:35.704',0.0,'00:00:03',NULL,'Bbb',12,1,'ae43bebb-61c1-42e4-82d4-7d56d7752d86','Week 1, Day 2');
INSERT INTO "Runs" VALUES (73,10,'2025-02-01 18:49:48.102',0.0,'00:00:03',NULL,'Bbb',12,1,'ae43bebb-61c1-42e4-82d4-7d56d7752d86','Week 1, Day 2');
INSERT INTO "Runs" VALUES (74,10,'2025-02-01 18:52:40.527',0.0,'00:00:01',NULL,'Ff',12,1,'ae43bebb-61c1-42e4-82d4-7d56d7752d86','Week 1, Day 2');
INSERT INTO "Runs" VALUES (75,10,'2025-02-01 18:54:35.861',0.0,'00:00:02','upload/75/008ffc75-f55e-46ff-b462-8dc72e3e81c8.jpg','Sbyn',12,1,'ae43bebb-61c1-42e4-82d4-7d56d7752d86','Week 1, Day 2');
INSERT INTO "Runs" VALUES (76,10,'2025-02-06 16:10:00.97',0.0,'00:00:03',NULL,'Good',12,1,'ae43bebb-61c1-42e4-82d4-7d56d7752d86','Week 1, Day 2');
INSERT INTO "Runs" VALUES (77,10,'2025-02-06 20:45:51.112',0.0,'00:00:02',NULL,'',12,1,'6070f55c-a247-40ae-9d92-86bd17db807a','Week 1, Day 2');
INSERT INTO "Runs" VALUES (78,10,'2025-02-06 20:45:55.461',0.0,'00:00:02',NULL,'',12,1,'6070f55c-a247-40ae-9d92-86bd17db807a','Week 1, Day 2');
INSERT INTO "Runs" VALUES (79,10,'2025-02-11 15:32:49.044',0.0,'00:00:07',NULL,'',12,1,'ae43bebb-61c1-42e4-82d4-7d56d7752d86','Week 1, Day 2');
INSERT INTO "Runs" VALUES (80,10,'2025-02-11 18:18:55.906',0.0,'00:00:01',NULL,'',12,3,'ae43bebb-61c1-42e4-82d4-7d56d7752d86','Week 1, Day 2');
INSERT INTO "Runs" VALUES (81,10,'2025-02-11 18:20:43.363',0.0,'00:00:01',NULL,'',12,4,'ae43bebb-61c1-42e4-82d4-7d56d7752d86','Week 1, Day 2');
INSERT INTO "Runs" VALUES (82,10,'2025-02-11 18:21:58.442',0.0,'00:00:00',NULL,'',12,5,'ae43bebb-61c1-42e4-82d4-7d56d7752d86','Week 1, Day 2');
INSERT INTO "Runs" VALUES (83,10,'2025-02-11 18:24:16.195',0.0,'00:00:03',NULL,'',12,3,'ae43bebb-61c1-42e4-82d4-7d56d7752d86','Week 1, Day 2');
INSERT INTO "Runs" VALUES (84,10,'2025-02-11 18:31:26.404',0.0,'00:00:01',NULL,'',12,1,'ae43bebb-61c1-42e4-82d4-7d56d7752d86','Week 1, Day 2');
INSERT INTO "Runs" VALUES (85,10,'2025-02-11 18:49:04.395',0.0,'00:00:00',NULL,'',12,3,'ae43bebb-61c1-42e4-82d4-7d56d7752d86','Week 1, Day 2');
INSERT INTO "Runs" VALUES (86,10,'2025-02-18 18:54:20.903',0.0,'00:00:030',NULL,'',12,1,'ae43bebb-61c1-42e4-82d4-7d56d7752d86','Week 1, Day 2');
INSERT INTO "Runs" VALUES (87,10,'2025-02-18 17:56:26.389',0.0,'00:00:30',NULL,'',12,1,'453643c6-58aa-4da6-9a03-4f956ce07570','Week 1, Day 2');
INSERT INTO "Runs" VALUES (88,10,'2025-02-22 17:41:38.271',0.0,'00:00:02','upload/88/5f2d76e5-d3cd-4b05-b509-7c948435a892.jpg','',12,1,'ae43bebb-61c1-42e4-82d4-7d56d7752d86','Week 1, Day 3');
INSERT INTO "Runs" VALUES (89,10,'2025-02-22 17:41:46.591',0.0,'00:00:02','upload/89/97c04fb0-cf8c-44a8-b3d2-a27789ea95bf.jpg','',12,1,'ae43bebb-61c1-42e4-82d4-7d56d7752d86','Week 1, Day 3');
INSERT INTO "Runs" VALUES (90,10,'2025-02-22 17:43:30.441',0.0,'00:00:01','upload/90/549186f3-1186-43c5-944b-623332a6a99b.jpg','',12,1,'ae43bebb-61c1-42e4-82d4-7d56d7752d86','Week 2, Day 1');
INSERT INTO "Runs" VALUES (91,10,'2025-02-22 17:44:07.658',0.0,'00:00:00','upload/91/5e3a249d-70e7-49c5-be87-6fc3295cd5a7.jpg','',12,1,'ae43bebb-61c1-42e4-82d4-7d56d7752d86','Week 2, Day 1');
INSERT INTO "Runs" VALUES (92,10,'2025-02-22 17:45:19.531',0.0,'00:00:01','upload/92/35561862-be9b-4ef3-b695-0cbea001874c.jpg','',12,1,'ae43bebb-61c1-42e4-82d4-7d56d7752d86','Week 2, Day 1');
INSERT INTO "Runs" VALUES (93,10,'2025-02-22 17:45:33.983',0.0,'00:00:01','upload/93/f3806179-a7e4-436a-bc33-099725b46263.jpg','',12,1,'ae43bebb-61c1-42e4-82d4-7d56d7752d86','Week 2, Day 1');
INSERT INTO "Runs" VALUES (94,10,'2025-02-22 17:57:54.035',0.0,'00:00:01','upload/94/eca078c2-f575-411a-9db4-c9006726bfba.jpg','',12,1,'ae43bebb-61c1-42e4-82d4-7d56d7752d86','Week 2, Day 2');
INSERT INTO "Runs" VALUES (95,10,'2025-02-22 17:58:14.919',0.0,'00:00:01','upload/95/237cd234-ebe3-410f-84f1-b595502ae889.jpg','',12,1,'ae43bebb-61c1-42e4-82d4-7d56d7752d86','Week 2, Day 2');
INSERT INTO "Runs" VALUES (96,10,'2025-02-22 17:58:30.77',0.0,'00:00:00','upload/96/d6a5fae5-c129-4e7e-823c-45938f94689a.jpg','',12,1,'ae43bebb-61c1-42e4-82d4-7d56d7752d86','Week 2, Day 2');
INSERT INTO "Runs" VALUES (97,10,'2025-02-22 17:59:02.507',0.0,'00:00:01','upload/97/f7c5a36c-7dcf-46d0-a48f-e94c1d01da6a.jpg','',12,1,'ae43bebb-61c1-42e4-82d4-7d56d7752d86','Week 2, Day 2');
INSERT INTO "Runs" VALUES (98,10,'2025-02-22 18:05:54.712',0.0,'00:00:01','upload/98/43c62c98-02e4-428f-8860-2d3504de0c8e.jpg','',12,1,'ae43bebb-61c1-42e4-82d4-7d56d7752d86','Week 2, Day 3');
INSERT INTO "Runs" VALUES (99,10,'2025-02-22 18:07:12.817',0.0,'00:00:01','upload/99/0ae4e301-037c-4895-a743-21be6fe12ef6.jpg','',12,1,'ae43bebb-61c1-42e4-82d4-7d56d7752d86','Week 3, Day 1');
INSERT INTO "Runs" VALUES (100,10,'2025-02-22 18:11:52.585',0.0,'00:00:01','upload/100/74334816-2af9-4c5a-aea4-454d5d1fa2ae.jpg','',12,2,'ae43bebb-61c1-42e4-82d4-7d56d7752d86','Week 3, Day 2');
INSERT INTO "Runs" VALUES (101,10,'2025-02-22 18:12:00.831',0.0,'00:00:01','upload/101/351d0e9d-a6d5-4850-b7d4-9b66d0cd8585.jpg','',12,2,'ae43bebb-61c1-42e4-82d4-7d56d7752d86','Week 3, Day 2');
INSERT INTO "Runs" VALUES (102,10,'2025-02-22 18:12:12.533',0.0,'00:00:01','upload/102/e228b099-7e38-4c21-b380-17b136b855f3.jpg','',12,1,'ae43bebb-61c1-42e4-82d4-7d56d7752d86','Week 3, Day 2');
INSERT INTO "Runs" VALUES (103,10,'2025-02-22 18:12:34.934',0.0,'00:00:00','upload/103/772af242-0cd8-4e2d-bdd2-4a27aaa3b14f.jpg','',12,1,'ae43bebb-61c1-42e4-82d4-7d56d7752d86','Week 3, Day 2');
INSERT INTO "Runs" VALUES (104,10,'2025-02-22 18:12:47.402',0.0,'00:00:00','upload/104/a03cffb4-d970-498d-bedf-4eaff35a701d.jpg','',12,2,'ae43bebb-61c1-42e4-82d4-7d56d7752d86','Week 3, Day 2');
INSERT INTO "Runs" VALUES (105,10,'2025-02-22 18:13:05.104',0.0,'00:00:01','upload/105/94b906ba-a7f1-453f-bc02-7a054651eb24.jpg','',12,1,'ae43bebb-61c1-42e4-82d4-7d56d7752d86','Week 3, Day 2');
INSERT INTO "Runs" VALUES (106,10,'2025-02-22 18:13:37.092',0.0,'00:00:01','upload/106/a5561ee5-d410-4a4e-952b-c3dc03bfb7e4.jpg','',12,1,'ae43bebb-61c1-42e4-82d4-7d56d7752d86','Week 3, Day 3');
INSERT INTO "Runs" VALUES (107,10,'2025-02-22 18:13:49.842',0.0,'00:00:00','upload/107/c1081075-7c6e-48e5-95a4-063a2db075ea.jpg','',12,2,'ae43bebb-61c1-42e4-82d4-7d56d7752d86','Week 3, Day 3');
INSERT INTO "Runs" VALUES (108,10,'2025-02-22 18:14:03.476',0.0,'00:00:01','upload/108/c97280e8-5bfe-4ada-87e1-6a6e87bcda67.jpg','',12,3,'ae43bebb-61c1-42e4-82d4-7d56d7752d86','Week 3, Day 3');
INSERT INTO "Runs" VALUES (109,10,'2025-02-22 18:14:33.811',0.0,'00:00:00','upload/109/25baf445-34c2-47b1-812b-9bd8fd9f0b79.jpg','',12,1,'ae43bebb-61c1-42e4-82d4-7d56d7752d86','Week 3, Day 3');
INSERT INTO "Runs" VALUES (110,10,'2025-02-22 18:14:45.795',0.0,'00:00:01','upload/110/8f5a53af-e514-4879-97ca-bdf471dfcb7e.jpg','',12,2,'ae43bebb-61c1-42e4-82d4-7d56d7752d86','Week 3, Day 3');
INSERT INTO "Runs" VALUES (111,10,'2025-02-22 18:14:56.779',0.0,'00:00:00','upload/111/e11ed4a2-6686-4132-920f-516ef9c82259.jpg','',12,2,'ae43bebb-61c1-42e4-82d4-7d56d7752d86','Week 3, Day 3');
INSERT INTO "Runs" VALUES (112,10,'2025-02-22 18:18:49.162',0.0,'00:00:01','upload/112/af752c97-1f7d-47fd-8c02-8822ed9c9bbc.jpg','',12,1,'ae43bebb-61c1-42e4-82d4-7d56d7752d86','Free Run');
INSERT INTO "Runs" VALUES (113,10,'2025-02-22 18:18:51.861',0.0,'00:00:01','upload/113/e2138a80-f713-4154-a4d1-a9a288ec4ada.jpg','',12,1,'ae43bebb-61c1-42e4-82d4-7d56d7752d86','Free Run');
INSERT INTO "Runs" VALUES (114,10,'2025-02-23 10:08:55.281',0.0,'00:00:01',NULL,'',12,1,'ae43bebb-61c1-42e4-82d4-7d56d7752d86','Week null, Day null');
INSERT INTO "Runs" VALUES (115,10,'2025-02-23 10:18:08.984',0.0,'00:00:00',NULL,'',12,1,'ae43bebb-61c1-42e4-82d4-7d56d7752d86','Week null, Day null');
INSERT INTO "Runs" VALUES (116,10,'2025-02-23 10:18:39.754',0.0,'00:00:01',NULL,'',12,1,'ae43bebb-61c1-42e4-82d4-7d56d7752d86','Free Run');
INSERT INTO "Runs" VALUES (117,10,'2025-02-24 23:19:42.799',0.0,'00:00:01','upload/117/01fbe9d7-ce46-48d1-bde6-983f914fe996.jpg','',12,1,'453643c6-58aa-4da6-9a03-4f956ce07570','Week null, Day null');
INSERT INTO "Runs" VALUES (118,10,'2025-02-26 14:56:22.829',0.0,'00:00:01',NULL,'',12,1,'ae43bebb-61c1-42e4-82d4-7d56d7752d86','Week 4, Day 1');
INSERT INTO "Runs" VALUES (119,10,'2025-02-26 14:56:34.079',0.0,'00:00:01','upload/119/407b2b72-c07b-4cdd-8518-44cddf8e7637.jpg','',12,1,'ae43bebb-61c1-42e4-82d4-7d56d7752d86','Week 4, Day 1');
INSERT INTO "Runs" VALUES (120,10,'2025-02-26 15:05:04.134',0.0,'00:00:01','upload/120/IMG_0589.jpg','',12,1,'ae43bebb-61c1-42e4-82d4-7d56d7752d86','Week 4, Day 2');
INSERT INTO "Runs" VALUES (121,10,'2025-03-03 19:14:17.716',0.0,'00:00:01',NULL,'',630,1,'ae43bebb-61c1-42e4-82d4-7d56d7752d86','Week 4, Day 3');
INSERT INTO "Runs" VALUES (122,10,'2025-03-03 19:23:48.378',0.0,'00:00:10',NULL,'',0,1,'ae43bebb-61c1-42e4-82d4-7d56d7752d86','Week 5, Day 1');
INSERT INTO "Runs" VALUES (123,10,'2025-03-03 19:24:01.177',0.0,'00:00:10',NULL,'',0,2,'ae43bebb-61c1-42e4-82d4-7d56d7752d86','Week 5, Day 1');
INSERT INTO "Runs" VALUES (124,10,'2025-03-03 19:25:31.884',0.01,'00:00:01',NULL,'',195,1,'ae43bebb-61c1-42e4-82d4-7d56d7752d86','Week 5, Day 2');
INSERT INTO "Runs" VALUES (125,10,'2025-03-03 19:27:06.327',0.0,'00:00:02',NULL,'',589,1,'ae43bebb-61c1-42e4-82d4-7d56d7752d86','Week 5, Day 3');
INSERT INTO "Runs" VALUES (126,10,'2025-03-03 19:42:25.935',0.0,'00:00:02',NULL,'',457,1,'ae43bebb-61c1-42e4-82d4-7d56d7752d86','Free Run');
INSERT INTO "Runs" VALUES (127,10,'2025-03-03 19:46:24.416',0.0,'00:00:03',NULL,'',0,1,'ae43bebb-61c1-42e4-82d4-7d56d7752d86','Free Run');
INSERT INTO "Runs" VALUES (128,10,'2025-03-03 19:47:26.937',0.0,'00:00:01',NULL,'',0,1,'ae43bebb-61c1-42e4-82d4-7d56d7752d86','Free Run');
INSERT INTO "Runs" VALUES (129,10,'2025-03-03 19:48:46.678',0.0,'00:00:03',NULL,'',0,3,'ae43bebb-61c1-42e4-82d4-7d56d7752d86','Free Run');
INSERT INTO "Runs" VALUES (130,10,'2025-03-03 19:53:49.083',0.0,'00:00:02',NULL,'',0,3,'ae43bebb-61c1-42e4-82d4-7d56d7752d86','Free Run');
INSERT INTO "Runs" VALUES (131,10,'2025-03-03 19:54:23.551',0.0,'00:00:01',NULL,'',0,1,'ae43bebb-61c1-42e4-82d4-7d56d7752d86','Free Run');
INSERT INTO "Runs" VALUES (132,10,'2025-03-03 20:00:11.491',0.01,'00:00:06',NULL,'',799,1,'ae43bebb-61c1-42e4-82d4-7d56d7752d86','Week 6, Day 1');
INSERT INTO "Runs" VALUES (133,10,'2025-03-10 20:26:10.092',0.0,'00:00:02','upload/133/8f824a44-311b-43ff-9005-7c948ec6e443.jpg','',0,1,'ae43bebb-61c1-42e4-82d4-7d56d7752d86','Week 6, Day 2');
INSERT INTO "Runs" VALUES (134,0,'2025-03-23 17:00:03.918',0.0,'00:00:02',NULL,'',0,1,'ae43bebb-61c1-42e4-82d4-7d56d7752d86','Week 6, Day 3');
INSERT INTO "Runs" VALUES (135,0,'2025-03-23 17:17:19.361',2168.0,'00:13:29',NULL,'',373,2,'ae43bebb-61c1-42e4-82d4-7d56d7752d86','Week 7, Day 1');
INSERT INTO "Runs" VALUES (136,24,'2025-03-31 16:35:53.161',446.0,'00:02:42',NULL,'',363,1,'ae43bebb-61c1-42e4-82d4-7d56d7752d86','Week 7, Day 2');
INSERT INTO "Runs" VALUES (137,19,'2025-03-25 17:16:23.801',379.0,'00:01:42',NULL,'',269,2,'ae43bebb-61c1-42e4-82d4-7d56d7752d86','Week 7, Day 3');
INSERT INTO "Runs" VALUES (138,0,'2025-03-25 23:35:48.151',0.0,'00:00:04',NULL,'',0,1,'ae43bebb-61c1-42e4-82d4-7d56d7752d86','Week 8, Day 1');
INSERT INTO "Runs" VALUES (139,13,'2025-03-31 15:03:22.419',77.0,'00:02:17',NULL,'',1779,1,'453643c6-58aa-4da6-9a03-4f956ce07570','Week 1, Day 3');
INSERT INTO "Runs" VALUES (140,0,'2025-04-09 09:57:41.505',0.0,'00:00:02',NULL,'',0,1,'ae43bebb-61c1-42e4-82d4-7d56d7752d86','Week 8, Day 2');
INSERT INTO "Runs" VALUES (141,0,'2025-04-09 09:58:05.328',0.0,'00:00:03',NULL,'',0,1,'ae43bebb-61c1-42e4-82d4-7d56d7752d86','Week 8, Day 3');
INSERT INTO "Coordinates" VALUES (1,0.0,0.0,18);
INSERT INTO "Coordinates" VALUES (2,0.0,0.0,19);
INSERT INTO "Coordinates" VALUES (3,0.0,0.0,20);
INSERT INTO "Coordinates" VALUES (4,0.0,0.0,21);
INSERT INTO "Coordinates" VALUES (5,0.0,0.0,22);
INSERT INTO "Coordinates" VALUES (6,0.0,0.0,23);
INSERT INTO "Coordinates" VALUES (7,0.0,0.0,24);
INSERT INTO "Coordinates" VALUES (8,0.0,0.0,25);
INSERT INTO "Coordinates" VALUES (9,0.0,0.0,26);
INSERT INTO "Coordinates" VALUES (10,0.0,0.0,27);
INSERT INTO "Coordinates" VALUES (11,0.0,0.0,28);
INSERT INTO "Coordinates" VALUES (12,0.0,0.0,29);
INSERT INTO "Coordinates" VALUES (13,0.0,0.0,30);
INSERT INTO "Coordinates" VALUES (14,0.0,0.0,31);
INSERT INTO "Coordinates" VALUES (15,0.0,0.0,32);
INSERT INTO "Coordinates" VALUES (16,0.0,0.0,33);
INSERT INTO "Coordinates" VALUES (17,0.0,0.0,34);
INSERT INTO "Coordinates" VALUES (18,0.0,0.0,35);
INSERT INTO "Coordinates" VALUES (19,0.0,0.0,36);
INSERT INTO "Coordinates" VALUES (20,0.0,0.0,37);
INSERT INTO "Coordinates" VALUES (21,0.0,0.0,38);
INSERT INTO "Coordinates" VALUES (22,0.0,0.0,41);
INSERT INTO "Coordinates" VALUES (23,0.0,0.0,43);
INSERT INTO "Coordinates" VALUES (24,0.0,0.0,44);
INSERT INTO "Coordinates" VALUES (25,0.0,0.0,45);
INSERT INTO "Coordinates" VALUES (26,0.0,0.0,46);
INSERT INTO "Coordinates" VALUES (27,0.0,0.0,47);
INSERT INTO "Coordinates" VALUES (28,0.0,0.0,49);
INSERT INTO "Coordinates" VALUES (29,0.0,0.0,50);
INSERT INTO "Coordinates" VALUES (30,0.0,0.0,52);
INSERT INTO "Coordinates" VALUES (31,0.0,0.0,53);
INSERT INTO "Coordinates" VALUES (32,0.0,0.0,54);
INSERT INTO "Coordinates" VALUES (33,47.9859080603642,17.4644644997129,55);
INSERT INTO "Coordinates" VALUES (34,47.9859080603642,17.4644644997129,55);
INSERT INTO "Coordinates" VALUES (35,47.9859080603642,17.4644644997129,55);
INSERT INTO "Coordinates" VALUES (36,47.9859080603642,17.4644644997129,55);
INSERT INTO "Coordinates" VALUES (37,47.9859080603642,17.4644644997129,55);
INSERT INTO "Coordinates" VALUES (38,47.9859080603642,17.4644644997129,55);
INSERT INTO "Coordinates" VALUES (39,47.9859080603642,17.4644644997129,55);
INSERT INTO "Coordinates" VALUES (40,47.9859080603642,17.4644644997129,55);
INSERT INTO "Coordinates" VALUES (41,47.9859080603642,17.4644644997129,55);
INSERT INTO "Coordinates" VALUES (42,47.9859080603642,17.4644644997129,55);
INSERT INTO "Coordinates" VALUES (43,47.9859080603642,17.4644644997129,55);
INSERT INTO "Coordinates" VALUES (44,47.9859080603642,17.4644644997129,55);
INSERT INTO "Coordinates" VALUES (45,47.9859080603642,17.4644644997129,55);
INSERT INTO "Coordinates" VALUES (46,47.9859080603642,17.4644644997129,55);
INSERT INTO "Coordinates" VALUES (47,47.9859080603642,17.4644644997129,55);
INSERT INTO "Coordinates" VALUES (48,47.9859080603642,17.4644644997129,55);
INSERT INTO "Coordinates" VALUES (49,47.9859080603642,17.4644644997129,55);
INSERT INTO "Coordinates" VALUES (50,47.9859080603642,17.4644644997129,55);
INSERT INTO "Coordinates" VALUES (51,47.9859080603642,17.4644644997129,55);
INSERT INTO "Coordinates" VALUES (52,47.9859080603642,17.4644644997129,55);
INSERT INTO "Coordinates" VALUES (53,47.9859080603642,17.4644644997129,55);
INSERT INTO "Coordinates" VALUES (54,47.9859080603642,17.4644644997129,55);
INSERT INTO "Coordinates" VALUES (55,47.9859080603642,17.4644644997129,55);
INSERT INTO "Coordinates" VALUES (56,47.9859080603642,17.4644644997129,55);
INSERT INTO "Coordinates" VALUES (57,47.9859080603642,17.4644644997129,55);
INSERT INTO "Coordinates" VALUES (58,47.9859080603642,17.4644644997129,55);
INSERT INTO "Coordinates" VALUES (59,47.9859080603642,17.4644644997129,55);
INSERT INTO "Coordinates" VALUES (60,47.9859080603642,17.4644644997129,55);
INSERT INTO "Coordinates" VALUES (61,47.9859080603642,17.4644644997129,55);
INSERT INTO "Coordinates" VALUES (62,47.9859080603642,17.4644644997129,55);
INSERT INTO "Coordinates" VALUES (63,47.9859080603642,17.4644644997129,55);
INSERT INTO "Coordinates" VALUES (64,47.9859080603642,17.4644644997129,55);
INSERT INTO "Coordinates" VALUES (65,47.9859080603642,17.4644644997129,55);
INSERT INTO "Coordinates" VALUES (66,47.9859080603642,17.4644644997129,55);
INSERT INTO "Coordinates" VALUES (67,47.9859080603642,17.4644644997129,55);
INSERT INTO "Coordinates" VALUES (68,47.9859080603642,17.4644644997129,55);
INSERT INTO "Coordinates" VALUES (69,47.9859080603642,17.4644644997129,55);
INSERT INTO "Coordinates" VALUES (70,47.9859080603642,17.4644644997129,55);
INSERT INTO "Coordinates" VALUES (71,47.9859080603642,17.4644644997129,55);
INSERT INTO "Coordinates" VALUES (72,47.9859080603642,17.4644644997129,55);
INSERT INTO "Coordinates" VALUES (73,47.9859080603642,17.4644644997129,55);
INSERT INTO "Coordinates" VALUES (74,47.9859080603642,17.4644644997129,55);
INSERT INTO "Coordinates" VALUES (75,47.9859080603642,17.4644644997129,55);
INSERT INTO "Coordinates" VALUES (76,47.9859080603642,17.4644644997129,55);
INSERT INTO "Coordinates" VALUES (77,47.9859080603642,17.4644644997129,55);
INSERT INTO "Coordinates" VALUES (78,47.9859080603642,17.4644644997129,55);
INSERT INTO "Coordinates" VALUES (79,47.9859080603642,17.4644644997129,55);
INSERT INTO "Coordinates" VALUES (80,47.9859080603642,17.4644644997129,55);
INSERT INTO "Coordinates" VALUES (81,47.9859080603642,17.4644644997129,55);
INSERT INTO "Coordinates" VALUES (82,47.9859080603642,17.4644644997129,55);
INSERT INTO "Coordinates" VALUES (83,47.9859080603642,17.4644644997129,55);
INSERT INTO "Coordinates" VALUES (84,47.9859080603642,17.4644644997129,55);
INSERT INTO "Coordinates" VALUES (85,47.9859080603642,17.4644644997129,55);
INSERT INTO "Coordinates" VALUES (86,47.9859080603642,17.4644644997129,55);
INSERT INTO "Coordinates" VALUES (87,47.9859080603642,17.4644644997129,55);
INSERT INTO "Coordinates" VALUES (88,47.9859080603642,17.4644644997129,55);
INSERT INTO "Coordinates" VALUES (89,47.9859080603642,17.4644644997129,55);
INSERT INTO "Coordinates" VALUES (90,47.9859080603642,17.4644644997129,55);
INSERT INTO "Coordinates" VALUES (91,47.9859080603642,17.4644644997129,55);
INSERT INTO "Coordinates" VALUES (92,47.9859080603642,17.4644644997129,55);
INSERT INTO "Coordinates" VALUES (93,47.9859080603642,17.4644644997129,55);
INSERT INTO "Coordinates" VALUES (94,47.9859080603642,17.4644644997129,55);
INSERT INTO "Coordinates" VALUES (95,47.9859080603642,17.4644644997129,55);
INSERT INTO "Coordinates" VALUES (96,47.9859080603642,17.4644644997129,55);
INSERT INTO "Coordinates" VALUES (97,47.9859080603642,17.4644644997129,55);
INSERT INTO "Coordinates" VALUES (98,47.9859080603642,17.4644644997129,55);
INSERT INTO "Coordinates" VALUES (99,47.9859080603642,17.4644644997129,55);
INSERT INTO "Coordinates" VALUES (100,47.9859080603642,17.4644644997129,55);
INSERT INTO "Coordinates" VALUES (101,47.9859080603642,17.4644644997129,55);
INSERT INTO "Coordinates" VALUES (102,47.9859080603642,17.4644644997129,55);
INSERT INTO "Coordinates" VALUES (103,47.9859080603642,17.4644644997129,55);
INSERT INTO "Coordinates" VALUES (104,47.9859080603642,17.4644644997129,55);
INSERT INTO "Coordinates" VALUES (105,47.9859080603642,17.4644644997129,55);
INSERT INTO "Coordinates" VALUES (106,47.9859080603642,17.4644644997129,55);
INSERT INTO "Coordinates" VALUES (107,47.9859080603642,17.4644644997129,55);
INSERT INTO "Coordinates" VALUES (108,47.9859080603642,17.4644644997129,55);
INSERT INTO "Coordinates" VALUES (109,47.9859080603642,17.4644644997129,55);
INSERT INTO "Coordinates" VALUES (110,47.9859080603642,17.4644644997129,55);
INSERT INTO "Coordinates" VALUES (111,47.9859080603642,17.4644644997129,55);
INSERT INTO "Coordinates" VALUES (112,47.9859080603642,17.4644644997129,55);
INSERT INTO "Coordinates" VALUES (113,47.9859080603642,17.4644644997129,55);
INSERT INTO "Coordinates" VALUES (114,47.9859080603642,17.4644644997129,55);
INSERT INTO "Coordinates" VALUES (115,47.9859080603642,17.4644644997129,55);
INSERT INTO "Coordinates" VALUES (116,47.9859080603642,17.4644644997129,55);
INSERT INTO "Coordinates" VALUES (117,47.9859080603642,17.4644644997129,55);
INSERT INTO "Coordinates" VALUES (118,47.9859080603642,17.4644644997129,55);
INSERT INTO "Coordinates" VALUES (119,47.9859080603642,17.4644644997129,55);
INSERT INTO "Coordinates" VALUES (120,47.9859080603642,17.4644644997129,55);
INSERT INTO "Coordinates" VALUES (121,47.9859080603642,17.4644644997129,55);
INSERT INTO "Coordinates" VALUES (122,47.9859080603642,17.4644644997129,55);
INSERT INTO "Coordinates" VALUES (123,47.9859080603642,17.4644644997129,55);
INSERT INTO "Coordinates" VALUES (124,47.9858956182125,17.4644225508792,55);
INSERT INTO "Coordinates" VALUES (125,47.9858956182125,17.4644225508792,55);
INSERT INTO "Coordinates" VALUES (126,47.9858956182125,17.4644225508792,55);
INSERT INTO "Coordinates" VALUES (127,47.9858956182125,17.4644225508792,55);
INSERT INTO "Coordinates" VALUES (128,47.9858956182125,17.4644225508792,55);
INSERT INTO "Coordinates" VALUES (129,47.9858956182125,17.4644225508792,55);
INSERT INTO "Coordinates" VALUES (130,47.9858956182125,17.4644225508792,55);
INSERT INTO "Coordinates" VALUES (131,47.9858956182125,17.4644225508792,55);
INSERT INTO "Coordinates" VALUES (132,47.9858956182125,17.4644225508792,55);
INSERT INTO "Coordinates" VALUES (133,47.9858956182125,17.4644225508792,55);
INSERT INTO "Coordinates" VALUES (134,47.9858956182125,17.4644225508792,55);
INSERT INTO "Coordinates" VALUES (135,47.9858956182125,17.4644225508792,55);
INSERT INTO "Coordinates" VALUES (136,47.9858956182125,17.4644225508792,55);
INSERT INTO "Coordinates" VALUES (137,47.9858956182125,17.4644225508792,55);
INSERT INTO "Coordinates" VALUES (138,47.9858956182125,17.4644225508792,55);
INSERT INTO "Coordinates" VALUES (139,47.9858956182125,17.4644225508792,55);
INSERT INTO "Coordinates" VALUES (140,47.9858956182125,17.4644225508792,55);
INSERT INTO "Coordinates" VALUES (141,47.9858956182125,17.4644225508792,55);
INSERT INTO "Coordinates" VALUES (142,47.9858956182125,17.4644225508792,55);
INSERT INTO "Coordinates" VALUES (143,47.9858956182125,17.4644225508792,55);
INSERT INTO "Coordinates" VALUES (144,47.9858956182125,17.4644225508792,55);
INSERT INTO "Coordinates" VALUES (145,47.9858956182125,17.4644225508792,55);
INSERT INTO "Coordinates" VALUES (146,47.9858956182125,17.4644225508792,55);
INSERT INTO "Coordinates" VALUES (147,47.9858956182125,17.4644225508792,55);
INSERT INTO "Coordinates" VALUES (148,47.9858956182125,17.4644225508792,55);
INSERT INTO "Coordinates" VALUES (149,47.9858956182125,17.4644225508792,55);
INSERT INTO "Coordinates" VALUES (150,47.9858956182125,17.4644225508792,55);
INSERT INTO "Coordinates" VALUES (151,47.9858956182125,17.4644225508792,55);
INSERT INTO "Coordinates" VALUES (152,47.9858956182125,17.4644225508792,55);
INSERT INTO "Coordinates" VALUES (153,47.9858956182125,17.4644225508792,55);
INSERT INTO "Coordinates" VALUES (154,47.9858956182125,17.4644225508792,55);
INSERT INTO "Coordinates" VALUES (155,47.9858956182125,17.4644225508792,55);
INSERT INTO "Coordinates" VALUES (156,47.9858956182125,17.4644225508792,55);
INSERT INTO "Coordinates" VALUES (157,47.9858956182125,17.4644225508792,55);
INSERT INTO "Coordinates" VALUES (158,47.9858956109951,17.4644224881449,55);
INSERT INTO "Coordinates" VALUES (159,47.9858943514107,17.4644266548165,55);
INSERT INTO "Coordinates" VALUES (160,47.9858943514107,17.4644266548165,55);
INSERT INTO "Coordinates" VALUES (161,47.9858943514107,17.4644266548165,55);
INSERT INTO "Coordinates" VALUES (162,47.9858943514107,17.4644266548165,55);
INSERT INTO "Coordinates" VALUES (163,47.9858943514107,17.4644266548165,55);
INSERT INTO "Coordinates" VALUES (164,47.9858943514107,17.4644266548165,55);
INSERT INTO "Coordinates" VALUES (165,47.9858943514107,17.4644266548165,55);
INSERT INTO "Coordinates" VALUES (166,47.9858943514107,17.4644266548165,55);
INSERT INTO "Coordinates" VALUES (167,47.9858943514107,17.4644266548165,55);
INSERT INTO "Coordinates" VALUES (168,47.9858943514107,17.4644266548165,55);
INSERT INTO "Coordinates" VALUES (169,47.9858943514107,17.4644266548165,55);
INSERT INTO "Coordinates" VALUES (170,47.9858943514107,17.4644266548165,55);
INSERT INTO "Coordinates" VALUES (171,47.9858943514107,17.4644266548165,55);
INSERT INTO "Coordinates" VALUES (172,47.9858943514107,17.4644266548165,55);
INSERT INTO "Coordinates" VALUES (173,47.9858943514107,17.4644266548165,55);
INSERT INTO "Coordinates" VALUES (174,47.9858943514107,17.4644266548165,55);
INSERT INTO "Coordinates" VALUES (175,47.9858943514107,17.4644266548165,55);
INSERT INTO "Coordinates" VALUES (176,47.9858943514107,17.4644266548165,55);
INSERT INTO "Coordinates" VALUES (177,47.9858943514107,17.4644266548165,55);
INSERT INTO "Coordinates" VALUES (178,47.9858943514107,17.4644266548165,55);
INSERT INTO "Coordinates" VALUES (179,47.9858943514107,17.4644266548165,55);
INSERT INTO "Coordinates" VALUES (180,47.9858943514107,17.4644266548165,55);
INSERT INTO "Coordinates" VALUES (181,47.9858943514107,17.4644266548165,55);
INSERT INTO "Coordinates" VALUES (182,47.9858943514107,17.4644266548165,55);
INSERT INTO "Coordinates" VALUES (183,47.9858943514107,17.4644266548165,55);
INSERT INTO "Coordinates" VALUES (184,47.9858943514107,17.4644266548165,55);
INSERT INTO "Coordinates" VALUES (185,47.9858943514107,17.4644266548165,55);
INSERT INTO "Coordinates" VALUES (186,47.9858943514107,17.4644266548165,55);
INSERT INTO "Coordinates" VALUES (187,47.9858943514107,17.4644266548165,55);
INSERT INTO "Coordinates" VALUES (188,47.9858943514107,17.4644266548165,55);
INSERT INTO "Coordinates" VALUES (189,47.9858943514107,17.4644266548165,55);
INSERT INTO "Coordinates" VALUES (190,47.9858943514107,17.4644266548165,55);
INSERT INTO "Coordinates" VALUES (191,47.9858943514107,17.4644266548165,55);
INSERT INTO "Coordinates" VALUES (192,47.985894354713,17.4644264715907,55);
INSERT INTO "Coordinates" VALUES (193,47.985894354713,17.4644264715907,55);
INSERT INTO "Coordinates" VALUES (194,47.985894354713,17.4644264715907,55);
INSERT INTO "Coordinates" VALUES (195,47.985894354713,17.4644264715907,55);
INSERT INTO "Coordinates" VALUES (196,47.985894354713,17.4644264715907,55);
INSERT INTO "Coordinates" VALUES (197,47.985894354713,17.4644264715907,55);
INSERT INTO "Coordinates" VALUES (198,47.985894354713,17.4644264715907,55);
INSERT INTO "Coordinates" VALUES (199,47.985894354713,17.4644264715907,55);
INSERT INTO "Coordinates" VALUES (200,47.985894354713,17.4644264715907,55);
INSERT INTO "Coordinates" VALUES (201,47.985894354713,17.4644264715907,55);
INSERT INTO "Coordinates" VALUES (202,47.985894354713,17.4644264715907,55);
INSERT INTO "Coordinates" VALUES (203,47.985894354713,17.4644264715907,55);
INSERT INTO "Coordinates" VALUES (204,47.985894354713,17.4644264715907,55);
INSERT INTO "Coordinates" VALUES (205,47.985894354713,17.4644264715907,55);
INSERT INTO "Coordinates" VALUES (206,47.985894354713,17.4644264715907,55);
INSERT INTO "Coordinates" VALUES (207,47.985894354713,17.4644264715907,55);
INSERT INTO "Coordinates" VALUES (208,47.985894354713,17.4644264715907,55);
INSERT INTO "Coordinates" VALUES (209,47.985894354713,17.4644264715907,55);
INSERT INTO "Coordinates" VALUES (210,47.985894354713,17.4644264715907,55);
INSERT INTO "Coordinates" VALUES (211,47.985894354713,17.4644264715907,55);
INSERT INTO "Coordinates" VALUES (212,47.985894354713,17.4644264715907,55);
INSERT INTO "Coordinates" VALUES (213,47.985894354713,17.4644264715907,55);
INSERT INTO "Coordinates" VALUES (214,47.985894354713,17.4644264715907,55);
INSERT INTO "Coordinates" VALUES (215,47.985894354713,17.4644264715907,55);
INSERT INTO "Coordinates" VALUES (216,47.985894354713,17.4644264715907,55);
INSERT INTO "Coordinates" VALUES (217,47.985894354713,17.4644264715907,55);
INSERT INTO "Coordinates" VALUES (218,47.985894354713,17.4644264715907,55);
INSERT INTO "Coordinates" VALUES (219,47.985894354713,17.4644264715907,55);
INSERT INTO "Coordinates" VALUES (220,47.985894354713,17.4644264715907,55);
INSERT INTO "Coordinates" VALUES (221,47.985894354713,17.4644264715907,55);
INSERT INTO "Coordinates" VALUES (222,47.985894354713,17.4644264715907,55);
INSERT INTO "Coordinates" VALUES (223,47.985894354713,17.4644264715907,55);
INSERT INTO "Coordinates" VALUES (224,47.985894354713,17.4644264715907,55);
INSERT INTO "Coordinates" VALUES (225,47.985894354713,17.4644264715907,55);
INSERT INTO "Coordinates" VALUES (226,47.985894354713,17.4644264715907,55);
INSERT INTO "Coordinates" VALUES (227,47.985894354713,17.4644264715907,55);
INSERT INTO "Coordinates" VALUES (228,47.985894354713,17.4644264715907,55);
INSERT INTO "Coordinates" VALUES (229,47.985894354713,17.4644264715907,55);
INSERT INTO "Coordinates" VALUES (230,47.985894354713,17.4644264715907,55);
INSERT INTO "Coordinates" VALUES (231,47.985894354713,17.4644264715907,55);
INSERT INTO "Coordinates" VALUES (232,47.985894354713,17.4644264715907,55);
INSERT INTO "Coordinates" VALUES (233,47.985894354713,17.4644264715907,55);
INSERT INTO "Coordinates" VALUES (234,47.985894354713,17.4644264715907,55);
INSERT INTO "Coordinates" VALUES (235,47.985894354713,17.4644264715907,55);
INSERT INTO "Coordinates" VALUES (236,47.985894354713,17.4644264715907,55);
INSERT INTO "Coordinates" VALUES (237,47.985894354713,17.4644264715907,55);
INSERT INTO "Coordinates" VALUES (238,47.985894354713,17.4644264715907,55);
INSERT INTO "Coordinates" VALUES (239,47.985894354713,17.4644264715907,55);
INSERT INTO "Coordinates" VALUES (240,47.985894354713,17.4644264715907,55);
INSERT INTO "Coordinates" VALUES (241,47.985894354713,17.4644264715907,55);
INSERT INTO "Coordinates" VALUES (242,47.985894354713,17.4644264715907,55);
INSERT INTO "Coordinates" VALUES (243,47.985894354713,17.4644264715907,55);
INSERT INTO "Coordinates" VALUES (244,47.985894354713,17.4644264715907,55);
INSERT INTO "Coordinates" VALUES (245,47.985894354713,17.4644264715907,55);
INSERT INTO "Coordinates" VALUES (246,47.985894354713,17.4644264715907,55);
INSERT INTO "Coordinates" VALUES (247,47.985894354713,17.4644264715907,55);
INSERT INTO "Coordinates" VALUES (248,47.985894354713,17.4644264715907,55);
INSERT INTO "Coordinates" VALUES (249,47.985894354713,17.4644264715907,55);
INSERT INTO "Coordinates" VALUES (250,47.985894354713,17.4644264715907,55);
INSERT INTO "Coordinates" VALUES (251,47.985894354713,17.4644264715907,55);
INSERT INTO "Coordinates" VALUES (252,47.985894354713,17.4644264715907,55);
INSERT INTO "Coordinates" VALUES (253,47.9858943785287,17.4644251502112,55);
INSERT INTO "Coordinates" VALUES (254,47.9858943785287,17.4644251502112,55);
INSERT INTO "Coordinates" VALUES (255,47.9858943785287,17.4644251502112,55);
INSERT INTO "Coordinates" VALUES (256,47.9858943785287,17.4644251502112,55);
INSERT INTO "Coordinates" VALUES (257,47.9858943785287,17.4644251502112,55);
INSERT INTO "Coordinates" VALUES (258,47.9858943785287,17.4644251502112,55);
INSERT INTO "Coordinates" VALUES (259,47.9858943785287,17.4644251502112,55);
INSERT INTO "Coordinates" VALUES (260,47.9858943785287,17.4644251502112,55);
INSERT INTO "Coordinates" VALUES (261,47.9858943785287,17.4644251502112,55);
INSERT INTO "Coordinates" VALUES (262,47.9858943785287,17.4644251502112,55);
INSERT INTO "Coordinates" VALUES (263,47.9858943785287,17.4644251502112,55);
INSERT INTO "Coordinates" VALUES (264,47.9858943785287,17.4644251502112,55);
INSERT INTO "Coordinates" VALUES (265,47.9858943785287,17.4644251502112,55);
INSERT INTO "Coordinates" VALUES (266,47.9858943785287,17.4644251502112,55);
INSERT INTO "Coordinates" VALUES (267,47.9858943785287,17.4644251502112,55);
INSERT INTO "Coordinates" VALUES (268,47.9858943785287,17.4644251502112,55);
INSERT INTO "Coordinates" VALUES (269,47.9858943785287,17.4644251502112,55);
INSERT INTO "Coordinates" VALUES (270,47.9858943785287,17.4644251502112,55);
INSERT INTO "Coordinates" VALUES (271,47.9858943785287,17.4644251502112,55);
INSERT INTO "Coordinates" VALUES (272,47.9858943785287,17.4644251502112,55);
INSERT INTO "Coordinates" VALUES (273,47.9858943785287,17.4644251502112,55);
INSERT INTO "Coordinates" VALUES (274,47.9858943785287,17.4644251502112,55);
INSERT INTO "Coordinates" VALUES (275,47.9858943785287,17.4644251502112,55);
INSERT INTO "Coordinates" VALUES (276,47.9858943785287,17.4644251502112,55);
INSERT INTO "Coordinates" VALUES (277,47.9858943785287,17.4644251502112,55);
INSERT INTO "Coordinates" VALUES (278,47.9858943785287,17.4644251502112,55);
INSERT INTO "Coordinates" VALUES (279,47.9858943785287,17.4644251502112,55);
INSERT INTO "Coordinates" VALUES (280,47.9858943785287,17.4644251502112,55);
INSERT INTO "Coordinates" VALUES (281,47.9858943785287,17.4644251502112,55);
INSERT INTO "Coordinates" VALUES (282,47.9858943785287,17.4644251502112,55);
INSERT INTO "Coordinates" VALUES (283,47.9858943785287,17.4644251502112,55);
INSERT INTO "Coordinates" VALUES (284,47.9858943785287,17.4644251502112,55);
INSERT INTO "Coordinates" VALUES (285,47.9858943785287,17.4644251502112,55);
INSERT INTO "Coordinates" VALUES (286,47.9858943785287,17.4644251502112,55);
INSERT INTO "Coordinates" VALUES (287,47.9858943785287,17.4644251502112,55);
INSERT INTO "Coordinates" VALUES (288,47.9858943785287,17.4644251502112,55);
INSERT INTO "Coordinates" VALUES (289,47.9858943785287,17.4644251502112,55);
INSERT INTO "Coordinates" VALUES (290,47.9858943785287,17.4644251502112,55);
INSERT INTO "Coordinates" VALUES (291,47.9858943785287,17.4644251502112,55);
INSERT INTO "Coordinates" VALUES (292,47.9858943785287,17.4644251502112,55);
INSERT INTO "Coordinates" VALUES (293,47.9858943785287,17.4644251502112,55);
INSERT INTO "Coordinates" VALUES (294,47.9858943785287,17.4644251502112,55);
INSERT INTO "Coordinates" VALUES (295,47.9858943785287,17.4644251502112,55);
INSERT INTO "Coordinates" VALUES (296,47.9858943785287,17.4644251502112,55);
INSERT INTO "Coordinates" VALUES (297,47.9858943785287,17.4644251502112,55);
INSERT INTO "Coordinates" VALUES (298,47.9858943785287,17.4644251502112,55);
INSERT INTO "Coordinates" VALUES (299,47.9858943785287,17.4644251502112,55);
INSERT INTO "Coordinates" VALUES (300,47.9858943785287,17.4644251502112,55);
INSERT INTO "Coordinates" VALUES (301,47.9858943785287,17.4644251502112,55);
INSERT INTO "Coordinates" VALUES (302,47.9858943785287,17.4644251502112,55);
INSERT INTO "Coordinates" VALUES (303,47.9858943785287,17.4644251502112,55);
INSERT INTO "Coordinates" VALUES (304,47.9858943785287,17.4644251502112,55);
INSERT INTO "Coordinates" VALUES (305,47.9858943785287,17.4644251502112,55);
INSERT INTO "Coordinates" VALUES (306,47.9858943785287,17.4644251502112,55);
INSERT INTO "Coordinates" VALUES (307,47.9858943785287,17.4644251502112,55);
INSERT INTO "Coordinates" VALUES (308,47.9858943785287,17.4644251502112,55);
INSERT INTO "Coordinates" VALUES (309,47.9858943785287,17.4644251502112,55);
INSERT INTO "Coordinates" VALUES (310,47.9858943785287,17.4644251502112,55);
INSERT INTO "Coordinates" VALUES (311,47.9858943785287,17.4644251502112,55);
INSERT INTO "Coordinates" VALUES (312,47.9858943785287,17.4644251502112,55);
INSERT INTO "Coordinates" VALUES (313,47.9858943785287,17.4644251502112,55);
INSERT INTO "Coordinates" VALUES (314,47.9858854982482,17.4644346769532,55);
INSERT INTO "Coordinates" VALUES (315,47.9858854982482,17.4644346769532,55);
INSERT INTO "Coordinates" VALUES (316,47.9858854982482,17.4644346769532,55);
INSERT INTO "Coordinates" VALUES (317,47.9858854982482,17.4644346769532,55);
INSERT INTO "Coordinates" VALUES (318,47.9858854982482,17.4644346769532,55);
INSERT INTO "Coordinates" VALUES (319,47.9858854982482,17.4644346769532,55);
INSERT INTO "Coordinates" VALUES (320,47.9858854982482,17.4644346769532,55);
INSERT INTO "Coordinates" VALUES (321,47.9858854982482,17.4644346769532,55);
INSERT INTO "Coordinates" VALUES (322,47.9858854982482,17.4644346769532,55);
INSERT INTO "Coordinates" VALUES (323,47.9858854982482,17.4644346769532,55);
INSERT INTO "Coordinates" VALUES (324,47.9858854982482,17.4644346769532,55);
INSERT INTO "Coordinates" VALUES (325,47.9858854982482,17.4644346769532,55);
INSERT INTO "Coordinates" VALUES (326,47.9858854982482,17.4644346769532,55);
INSERT INTO "Coordinates" VALUES (327,47.9858854982482,17.4644346769532,55);
INSERT INTO "Coordinates" VALUES (328,47.9858854982482,17.4644346769532,55);
INSERT INTO "Coordinates" VALUES (329,47.9858854982482,17.4644346769532,55);
INSERT INTO "Coordinates" VALUES (330,47.9858854982482,17.4644346769532,55);
INSERT INTO "Coordinates" VALUES (331,47.9858854982482,17.4644346769532,55);
INSERT INTO "Coordinates" VALUES (332,47.9858854982482,17.4644346769532,55);
INSERT INTO "Coordinates" VALUES (333,47.9858854982482,17.4644346769532,55);
INSERT INTO "Coordinates" VALUES (334,47.9858854982482,17.4644346769532,55);
INSERT INTO "Coordinates" VALUES (335,47.9858854982482,17.4644346769532,55);
INSERT INTO "Coordinates" VALUES (336,47.9858854982482,17.4644346769532,55);
INSERT INTO "Coordinates" VALUES (337,47.9858854982482,17.4644346769532,55);
INSERT INTO "Coordinates" VALUES (338,47.9858854982482,17.4644346769532,55);
INSERT INTO "Coordinates" VALUES (339,47.9858854982482,17.4644346769532,55);
INSERT INTO "Coordinates" VALUES (340,47.9858854982482,17.4644346769532,55);
INSERT INTO "Coordinates" VALUES (341,47.9858854982482,17.4644346769532,55);
INSERT INTO "Coordinates" VALUES (342,47.9858854982482,17.4644346769532,55);
INSERT INTO "Coordinates" VALUES (343,47.9858854982482,17.4644346769532,55);
INSERT INTO "Coordinates" VALUES (344,47.9858854982482,17.4644346769532,55);
INSERT INTO "Coordinates" VALUES (345,47.9858854982482,17.4644346769532,55);
INSERT INTO "Coordinates" VALUES (346,47.9858854982482,17.4644346769532,55);
INSERT INTO "Coordinates" VALUES (347,47.9858854982482,17.4644346769532,55);
INSERT INTO "Coordinates" VALUES (348,47.9858854982482,17.4644346769532,55);
INSERT INTO "Coordinates" VALUES (349,47.9858854982482,17.4644346769532,55);
INSERT INTO "Coordinates" VALUES (350,47.9858854982482,17.4644346769532,55);
INSERT INTO "Coordinates" VALUES (351,47.9858854982482,17.4644346769532,55);
INSERT INTO "Coordinates" VALUES (352,47.9858854982482,17.4644346769532,55);
INSERT INTO "Coordinates" VALUES (353,47.9859035894103,17.4644084516859,55);
INSERT INTO "Coordinates" VALUES (354,47.9859035894103,17.4644084516859,55);
INSERT INTO "Coordinates" VALUES (355,47.9859035894103,17.4644084516859,55);
INSERT INTO "Coordinates" VALUES (356,47.9859035894103,17.4644084516859,55);
INSERT INTO "Coordinates" VALUES (357,47.9859035894103,17.4644084516859,55);
INSERT INTO "Coordinates" VALUES (358,47.9859035894103,17.4644084516859,55);
INSERT INTO "Coordinates" VALUES (359,47.9859035894103,17.4644084516859,55);
INSERT INTO "Coordinates" VALUES (360,47.9859035894103,17.4644084516859,55);
INSERT INTO "Coordinates" VALUES (361,47.9859035894103,17.4644084516859,55);
INSERT INTO "Coordinates" VALUES (362,47.9859035894103,17.4644084516859,55);
INSERT INTO "Coordinates" VALUES (363,47.9859035894103,17.4644084516859,55);
INSERT INTO "Coordinates" VALUES (364,47.9859035894103,17.4644084516859,55);
INSERT INTO "Coordinates" VALUES (365,47.9859035894103,17.4644084516859,55);
INSERT INTO "Coordinates" VALUES (366,47.9859035894103,17.4644084516859,55);
INSERT INTO "Coordinates" VALUES (367,47.9859035894103,17.4644084516859,55);
INSERT INTO "Coordinates" VALUES (368,47.9859069231716,17.4644018505798,55);
INSERT INTO "Coordinates" VALUES (369,47.9859069231716,17.4644018505798,55);
INSERT INTO "Coordinates" VALUES (370,47.9859069231716,17.4644018505798,55);
INSERT INTO "Coordinates" VALUES (371,47.9859069231716,17.4644018505798,55);
INSERT INTO "Coordinates" VALUES (372,47.9859069231716,17.4644018505798,55);
INSERT INTO "Coordinates" VALUES (373,47.9859069231716,17.4644018505798,55);
INSERT INTO "Coordinates" VALUES (374,47.9859069231716,17.4644018505798,55);
INSERT INTO "Coordinates" VALUES (375,47.9859069231716,17.4644018505798,55);
INSERT INTO "Coordinates" VALUES (376,47.9859069231716,17.4644018505798,55);
INSERT INTO "Coordinates" VALUES (377,47.9859069231716,17.4644018505798,55);
INSERT INTO "Coordinates" VALUES (378,47.9859069231716,17.4644018505798,55);
INSERT INTO "Coordinates" VALUES (379,47.9859069231716,17.4644018505798,55);
INSERT INTO "Coordinates" VALUES (380,47.9859069231716,17.4644018505798,55);
INSERT INTO "Coordinates" VALUES (381,47.9859069231716,17.4644018505798,55);
INSERT INTO "Coordinates" VALUES (382,47.9859069231716,17.4644018505798,55);
INSERT INTO "Coordinates" VALUES (383,47.9859069231716,17.4644018505798,55);
INSERT INTO "Coordinates" VALUES (384,47.9859069231716,17.4644018505798,55);
INSERT INTO "Coordinates" VALUES (385,47.9859069231716,17.4644018505798,55);
INSERT INTO "Coordinates" VALUES (386,47.9859069231716,17.4644018505798,55);
INSERT INTO "Coordinates" VALUES (387,47.9859069231716,17.4644018505798,55);
INSERT INTO "Coordinates" VALUES (388,47.9859069231716,17.4644018505798,55);
INSERT INTO "Coordinates" VALUES (389,47.9859069231716,17.4644018505798,55);
INSERT INTO "Coordinates" VALUES (390,47.9859069231716,17.4644018505798,55);
INSERT INTO "Coordinates" VALUES (391,47.9859069231716,17.4644018505798,55);
INSERT INTO "Coordinates" VALUES (392,47.9859069231716,17.4644018505798,55);
INSERT INTO "Coordinates" VALUES (393,47.9859069231716,17.4644018505798,55);
INSERT INTO "Coordinates" VALUES (394,47.9859069231716,17.4644018505798,55);
INSERT INTO "Coordinates" VALUES (395,47.9859069231716,17.4644018505798,55);
INSERT INTO "Coordinates" VALUES (396,47.9859069231716,17.4644018505798,55);
INSERT INTO "Coordinates" VALUES (397,47.9859069231716,17.4644018505798,55);
INSERT INTO "Coordinates" VALUES (398,47.9859069231716,17.4644018505798,55);
INSERT INTO "Coordinates" VALUES (399,47.9859069231716,17.4644018505798,55);
INSERT INTO "Coordinates" VALUES (400,47.9859069231716,17.4644018505798,55);
INSERT INTO "Coordinates" VALUES (401,47.9859069231716,17.4644018505798,55);
INSERT INTO "Coordinates" VALUES (402,47.9859069231716,17.4644018505798,55);
INSERT INTO "Coordinates" VALUES (403,47.9859069231716,17.4644018505798,55);
INSERT INTO "Coordinates" VALUES (404,47.9859069231716,17.4644018505798,55);
INSERT INTO "Coordinates" VALUES (405,47.9859069231716,17.4644018505798,55);
INSERT INTO "Coordinates" VALUES (406,47.9859069231716,17.4644018505798,55);
INSERT INTO "Coordinates" VALUES (407,47.9859069231716,17.4644018505798,55);
INSERT INTO "Coordinates" VALUES (408,47.9859069231716,17.4644018505798,55);
INSERT INTO "Coordinates" VALUES (409,47.9859069231716,17.4644018505798,55);
INSERT INTO "Coordinates" VALUES (410,47.9858550722056,17.4644263393647,55);
INSERT INTO "Coordinates" VALUES (411,47.9858550722056,17.4644263393647,55);
INSERT INTO "Coordinates" VALUES (412,47.9858550722056,17.4644263393647,55);
INSERT INTO "Coordinates" VALUES (413,47.9858550722056,17.4644263393647,55);
INSERT INTO "Coordinates" VALUES (414,47.9858550722056,17.4644263393647,55);
INSERT INTO "Coordinates" VALUES (415,47.9858550722056,17.4644263393647,55);
INSERT INTO "Coordinates" VALUES (416,47.9858550722056,17.4644263393647,55);
INSERT INTO "Coordinates" VALUES (417,47.9858550722056,17.4644263393647,55);
INSERT INTO "Coordinates" VALUES (418,47.9858550722056,17.4644263393647,55);
INSERT INTO "Coordinates" VALUES (419,47.9858550722056,17.4644263393647,55);
INSERT INTO "Coordinates" VALUES (420,47.9858550722056,17.4644263393647,55);
INSERT INTO "Coordinates" VALUES (421,47.9858550722056,17.4644263393647,55);
INSERT INTO "Coordinates" VALUES (422,47.9858550722056,17.4644263393647,55);
INSERT INTO "Coordinates" VALUES (423,47.9858550722056,17.4644263393647,55);
INSERT INTO "Coordinates" VALUES (424,47.9858550722056,17.4644263393647,55);
INSERT INTO "Coordinates" VALUES (425,47.9858550722056,17.4644263393647,55);
INSERT INTO "Coordinates" VALUES (426,47.9858550722056,17.4644263393647,55);
INSERT INTO "Coordinates" VALUES (427,47.9858550722056,17.4644263393647,55);
INSERT INTO "Coordinates" VALUES (428,47.9858550722056,17.4644263393647,55);
INSERT INTO "Coordinates" VALUES (429,47.9858550722056,17.4644263393647,55);
INSERT INTO "Coordinates" VALUES (430,47.9858550722056,17.4644263393647,55);
INSERT INTO "Coordinates" VALUES (431,47.9858550722056,17.4644263393647,55);
INSERT INTO "Coordinates" VALUES (432,47.9858550722056,17.4644263393647,55);
INSERT INTO "Coordinates" VALUES (433,47.9858550722056,17.4644263393647,55);
INSERT INTO "Coordinates" VALUES (434,47.9858550722056,17.4644263393647,55);
INSERT INTO "Coordinates" VALUES (435,47.9858550722056,17.4644263393647,55);
INSERT INTO "Coordinates" VALUES (436,47.9858550722056,17.4644263393647,55);
INSERT INTO "Coordinates" VALUES (437,47.9858550722056,17.4644263393647,55);
INSERT INTO "Coordinates" VALUES (438,47.9858550722056,17.4644263393647,55);
INSERT INTO "Coordinates" VALUES (439,47.9858550722056,17.4644263393647,55);
INSERT INTO "Coordinates" VALUES (440,47.9858550722056,17.4644263393647,55);
INSERT INTO "Coordinates" VALUES (441,47.9858550722056,17.4644263393647,55);
INSERT INTO "Coordinates" VALUES (442,47.9858550722056,17.4644263393647,55);
INSERT INTO "Coordinates" VALUES (443,47.9858550722056,17.4644263393647,55);
INSERT INTO "Coordinates" VALUES (444,47.9858550722056,17.4644263393647,55);
INSERT INTO "Coordinates" VALUES (445,47.9858550722056,17.4644263393647,55);
INSERT INTO "Coordinates" VALUES (446,47.9858821184431,17.4644199236329,55);
INSERT INTO "Coordinates" VALUES (447,47.9858821184431,17.4644199236329,55);
INSERT INTO "Coordinates" VALUES (448,47.9858821184431,17.4644199236329,55);
INSERT INTO "Coordinates" VALUES (449,47.9858821184431,17.4644199236329,55);
INSERT INTO "Coordinates" VALUES (450,47.9858821184431,17.4644199236329,55);
INSERT INTO "Coordinates" VALUES (451,47.9858821184431,17.4644199236329,55);
INSERT INTO "Coordinates" VALUES (452,47.9858821184431,17.4644199236329,55);
INSERT INTO "Coordinates" VALUES (453,47.9858821184431,17.4644199236329,55);
INSERT INTO "Coordinates" VALUES (454,47.9858821184431,17.4644199236329,55);
INSERT INTO "Coordinates" VALUES (455,47.9858821184431,17.4644199236329,55);
INSERT INTO "Coordinates" VALUES (456,47.9858821184431,17.4644199236329,55);
INSERT INTO "Coordinates" VALUES (457,47.9858821184431,17.4644199236329,55);
INSERT INTO "Coordinates" VALUES (458,47.9858821184431,17.4644199236329,55);
INSERT INTO "Coordinates" VALUES (459,47.9858821184431,17.4644199236329,55);
INSERT INTO "Coordinates" VALUES (460,47.9858821184431,17.4644199236329,55);
INSERT INTO "Coordinates" VALUES (461,47.9858821184431,17.4644199236329,55);
INSERT INTO "Coordinates" VALUES (462,47.9858821184431,17.4644199236329,55);
INSERT INTO "Coordinates" VALUES (463,47.9858821184431,17.4644199236329,55);
INSERT INTO "Coordinates" VALUES (464,47.9858821184431,17.4644199236329,55);
INSERT INTO "Coordinates" VALUES (465,47.9858821184431,17.4644199236329,55);
INSERT INTO "Coordinates" VALUES (466,47.9858821184431,17.4644199236329,55);
INSERT INTO "Coordinates" VALUES (467,47.9858821184431,17.4644199236329,55);
INSERT INTO "Coordinates" VALUES (468,47.9858821184431,17.4644199236329,55);
INSERT INTO "Coordinates" VALUES (469,47.9858821184431,17.4644199236329,55);
INSERT INTO "Coordinates" VALUES (470,47.9858821184431,17.4644199236329,55);
INSERT INTO "Coordinates" VALUES (471,47.9858821184431,17.4644199236329,55);
INSERT INTO "Coordinates" VALUES (472,47.9858821184431,17.4644199236329,55);
INSERT INTO "Coordinates" VALUES (473,47.9858821184431,17.4644199236329,55);
INSERT INTO "Coordinates" VALUES (474,47.9858821184431,17.4644199236329,55);
INSERT INTO "Coordinates" VALUES (475,47.9858821184431,17.4644199236329,55);
INSERT INTO "Coordinates" VALUES (476,47.9858821184431,17.4644199236329,55);
INSERT INTO "Coordinates" VALUES (477,47.9858821184431,17.4644199236329,55);
INSERT INTO "Coordinates" VALUES (478,47.9858821184431,17.4644199236329,55);
INSERT INTO "Coordinates" VALUES (479,47.9858821184431,17.4644199236329,55);
INSERT INTO "Coordinates" VALUES (480,47.9858821184431,17.4644199236329,55);
INSERT INTO "Coordinates" VALUES (481,47.9858821184431,17.4644199236329,55);
INSERT INTO "Coordinates" VALUES (482,47.9858821184431,17.4644199236329,55);
INSERT INTO "Coordinates" VALUES (483,47.9858821184431,17.4644199236329,55);
INSERT INTO "Coordinates" VALUES (484,47.9858509976068,17.4643975378358,55);
INSERT INTO "Coordinates" VALUES (485,47.9858509976068,17.4643975378358,55);
INSERT INTO "Coordinates" VALUES (486,47.9858509976068,17.4643975378358,55);
INSERT INTO "Coordinates" VALUES (487,47.9858509976068,17.4643975378358,55);
INSERT INTO "Coordinates" VALUES (488,47.9858509976068,17.4643975378358,55);
INSERT INTO "Coordinates" VALUES (489,47.9858509976068,17.4643975378358,55);
INSERT INTO "Coordinates" VALUES (490,47.9858509976068,17.4643975378358,55);
INSERT INTO "Coordinates" VALUES (491,47.9858509976068,17.4643975378358,55);
INSERT INTO "Coordinates" VALUES (492,47.9858509976068,17.4643975378358,55);
INSERT INTO "Coordinates" VALUES (493,47.9858509976068,17.4643975378358,55);
INSERT INTO "Coordinates" VALUES (494,47.9858509976068,17.4643975378358,55);
INSERT INTO "Coordinates" VALUES (495,47.9858509976068,17.4643975378358,55);
INSERT INTO "Coordinates" VALUES (496,47.9858509976068,17.4643975378358,55);
INSERT INTO "Coordinates" VALUES (497,47.9858509976068,17.4643975378358,55);
INSERT INTO "Coordinates" VALUES (498,47.9858509976068,17.4643975378358,55);
INSERT INTO "Coordinates" VALUES (499,47.9858509976068,17.4643975378358,55);
INSERT INTO "Coordinates" VALUES (500,47.9858509976068,17.4643975378358,55);
INSERT INTO "Coordinates" VALUES (501,47.9858509976068,17.4643975378358,55);
INSERT INTO "Coordinates" VALUES (502,47.9858509976068,17.4643975378358,55);
INSERT INTO "Coordinates" VALUES (503,47.9858509976068,17.4643975378358,55);
INSERT INTO "Coordinates" VALUES (504,47.9858509976068,17.4643975378358,55);
INSERT INTO "Coordinates" VALUES (505,47.9858509976068,17.4643975378358,55);
INSERT INTO "Coordinates" VALUES (506,47.9858509976068,17.4643975378358,55);
INSERT INTO "Coordinates" VALUES (507,47.9858509976068,17.4643975378358,55);
INSERT INTO "Coordinates" VALUES (508,47.9858509976068,17.4643975378358,55);
INSERT INTO "Coordinates" VALUES (509,47.9858509976068,17.4643975378358,55);
INSERT INTO "Coordinates" VALUES (510,47.9858509976068,17.4643975378358,55);
INSERT INTO "Coordinates" VALUES (511,47.9858509976068,17.4643975378358,55);
INSERT INTO "Coordinates" VALUES (512,47.9858509976068,17.4643975378358,55);
INSERT INTO "Coordinates" VALUES (513,47.9858509976068,17.4643975378358,55);
INSERT INTO "Coordinates" VALUES (514,47.9858509976068,17.4643975378358,55);
INSERT INTO "Coordinates" VALUES (515,47.9858509976068,17.4643975378358,55);
INSERT INTO "Coordinates" VALUES (516,47.9858509976068,17.4643975378358,55);
INSERT INTO "Coordinates" VALUES (517,47.9858509976068,17.4643975378358,55);
INSERT INTO "Coordinates" VALUES (518,47.9858509976068,17.4643975378358,55);
INSERT INTO "Coordinates" VALUES (519,47.9858509976068,17.4643975378358,55);
INSERT INTO "Coordinates" VALUES (520,47.9858509976068,17.4643975378358,55);
INSERT INTO "Coordinates" VALUES (521,47.9858509976068,17.4643975378358,55);
INSERT INTO "Coordinates" VALUES (522,47.9858509976068,17.4643975378358,55);
INSERT INTO "Coordinates" VALUES (523,47.9858509976068,17.4643975378358,55);
INSERT INTO "Coordinates" VALUES (524,47.9858509976068,17.4643975378358,55);
INSERT INTO "Coordinates" VALUES (525,47.985850996996,17.4643975373827,55);
INSERT INTO "Coordinates" VALUES (526,47.985850996996,17.4643975373827,55);
INSERT INTO "Coordinates" VALUES (527,47.985850996996,17.4643975373827,55);
INSERT INTO "Coordinates" VALUES (528,47.985850996996,17.4643975373827,55);
INSERT INTO "Coordinates" VALUES (529,47.985850996996,17.4643975373827,55);
INSERT INTO "Coordinates" VALUES (530,47.985850996996,17.4643975373827,55);
INSERT INTO "Coordinates" VALUES (531,47.985850996996,17.4643975373827,55);
INSERT INTO "Coordinates" VALUES (532,47.985850996996,17.4643975373827,55);
INSERT INTO "Coordinates" VALUES (533,47.985850996996,17.4643975373827,55);
INSERT INTO "Coordinates" VALUES (534,47.985850996996,17.4643975373827,55);
INSERT INTO "Coordinates" VALUES (535,47.985850996996,17.4643975373827,55);
INSERT INTO "Coordinates" VALUES (536,47.985850996996,17.4643975373827,55);
INSERT INTO "Coordinates" VALUES (537,47.985850996996,17.4643975373827,55);
INSERT INTO "Coordinates" VALUES (538,47.985850996996,17.4643975373827,55);
INSERT INTO "Coordinates" VALUES (539,47.985850996996,17.4643975373827,55);
INSERT INTO "Coordinates" VALUES (540,47.985850996996,17.4643975373827,55);
INSERT INTO "Coordinates" VALUES (541,47.985850996996,17.4643975373827,55);
INSERT INTO "Coordinates" VALUES (542,47.985850996996,17.4643975373827,55);
INSERT INTO "Coordinates" VALUES (543,47.985850996996,17.4643975373827,55);
INSERT INTO "Coordinates" VALUES (544,47.985850996996,17.4643975373827,55);
INSERT INTO "Coordinates" VALUES (545,47.985850996996,17.4643975373827,55);
INSERT INTO "Coordinates" VALUES (546,47.985850996996,17.4643975373827,55);
INSERT INTO "Coordinates" VALUES (547,47.985850996996,17.4643975373827,55);
INSERT INTO "Coordinates" VALUES (548,47.985850996996,17.4643975373827,55);
INSERT INTO "Coordinates" VALUES (549,47.985850996996,17.4643975373827,55);
INSERT INTO "Coordinates" VALUES (550,47.985850996996,17.4643975373827,55);
INSERT INTO "Coordinates" VALUES (551,47.985850996996,17.4643975373827,55);
INSERT INTO "Coordinates" VALUES (552,47.985850996996,17.4643975373827,55);
INSERT INTO "Coordinates" VALUES (553,47.985850996996,17.4643975373827,55);
INSERT INTO "Coordinates" VALUES (554,47.985850996996,17.4643975373827,55);
INSERT INTO "Coordinates" VALUES (555,47.985850996996,17.4643975373827,55);
INSERT INTO "Coordinates" VALUES (556,47.985850996996,17.4643975373827,55);
INSERT INTO "Coordinates" VALUES (557,47.985850996996,17.4643975373827,55);
INSERT INTO "Coordinates" VALUES (558,47.985850996996,17.4643975373827,55);
INSERT INTO "Coordinates" VALUES (559,47.985850996996,17.4643975373827,55);
INSERT INTO "Coordinates" VALUES (560,47.985850996996,17.4643975373827,55);
INSERT INTO "Coordinates" VALUES (561,47.985850996996,17.4643975373827,55);
INSERT INTO "Coordinates" VALUES (562,47.985850996996,17.4643975373827,55);
INSERT INTO "Coordinates" VALUES (563,47.985850996996,17.4643975373827,55);
INSERT INTO "Coordinates" VALUES (564,47.985850996996,17.4643975373827,55);
INSERT INTO "Coordinates" VALUES (565,47.985850996996,17.4643975373827,55);
INSERT INTO "Coordinates" VALUES (566,47.985850996996,17.4643975373827,55);
INSERT INTO "Coordinates" VALUES (567,47.985850996996,17.4643975373827,55);
INSERT INTO "Coordinates" VALUES (568,47.985850996996,17.4643975373827,55);
INSERT INTO "Coordinates" VALUES (569,47.9858509963852,17.4643975369297,55);
INSERT INTO "Coordinates" VALUES (570,47.9858509963852,17.4643975369297,55);
INSERT INTO "Coordinates" VALUES (571,47.9858509963852,17.4643975369297,55);
INSERT INTO "Coordinates" VALUES (572,47.9858509963852,17.4643975369297,55);
INSERT INTO "Coordinates" VALUES (573,47.9858509963852,17.4643975369297,55);
INSERT INTO "Coordinates" VALUES (574,47.9858509963852,17.4643975369297,55);
INSERT INTO "Coordinates" VALUES (575,47.9858509963852,17.4643975369297,55);
INSERT INTO "Coordinates" VALUES (576,47.9858509963852,17.4643975369297,55);
INSERT INTO "Coordinates" VALUES (577,47.9858509963852,17.4643975369297,55);
INSERT INTO "Coordinates" VALUES (578,47.9858509963852,17.4643975369297,55);
INSERT INTO "Coordinates" VALUES (579,47.9858509963852,17.4643975369297,55);
INSERT INTO "Coordinates" VALUES (580,47.9858509963852,17.4643975369297,55);
INSERT INTO "Coordinates" VALUES (581,47.9858509963852,17.4643975369297,55);
INSERT INTO "Coordinates" VALUES (582,47.9858509963852,17.4643975369297,55);
INSERT INTO "Coordinates" VALUES (583,47.9858509963852,17.4643975369297,55);
INSERT INTO "Coordinates" VALUES (584,47.9858509963852,17.4643975369297,55);
INSERT INTO "Coordinates" VALUES (585,47.9858509963852,17.4643975369297,55);
INSERT INTO "Coordinates" VALUES (586,47.9858509963852,17.4643975369297,55);
INSERT INTO "Coordinates" VALUES (587,47.9858509963852,17.4643975369297,55);
INSERT INTO "Coordinates" VALUES (588,47.9858509963852,17.4643975369297,55);
INSERT INTO "Coordinates" VALUES (589,47.9858509963852,17.4643975369297,55);
INSERT INTO "Coordinates" VALUES (590,47.9858509963852,17.4643975369297,55);
INSERT INTO "Coordinates" VALUES (591,47.9858509963852,17.4643975369297,55);
INSERT INTO "Coordinates" VALUES (592,47.9858509963852,17.4643975369297,55);
INSERT INTO "Coordinates" VALUES (593,47.9858509963852,17.4643975369297,55);
INSERT INTO "Coordinates" VALUES (594,47.9858509963852,17.4643975369297,55);
INSERT INTO "Coordinates" VALUES (595,47.9858509963852,17.4643975369297,55);
INSERT INTO "Coordinates" VALUES (596,47.9858509963852,17.4643975369297,55);
INSERT INTO "Coordinates" VALUES (597,47.9858509963852,17.4643975369297,55);
INSERT INTO "Coordinates" VALUES (598,47.9858509963852,17.4643975369297,55);
INSERT INTO "Coordinates" VALUES (599,47.9858509963852,17.4643975369297,55);
INSERT INTO "Coordinates" VALUES (600,47.9858509963852,17.4643975369297,55);
INSERT INTO "Coordinates" VALUES (601,47.9858509963852,17.4643975369297,55);
INSERT INTO "Coordinates" VALUES (602,47.9859080603642,17.4644644997129,56);
INSERT INTO "Coordinates" VALUES (603,47.9858968500498,17.46439715849,57);
INSERT INTO "Coordinates" VALUES (604,47.9858968500498,17.46439715849,58);
INSERT INTO "Coordinates" VALUES (605,47.7553622009612,18.1289617956544,59);
INSERT INTO "Coordinates" VALUES (606,47.7584631217989,18.1242132720252,60);
INSERT INTO "Coordinates" VALUES (607,47.9859919082915,17.4645063753008,61);
INSERT INTO "Coordinates" VALUES (608,47.9859919082915,17.4645063753008,62);
INSERT INTO "Coordinates" VALUES (609,47.9859425261736,17.464362944705,63);
INSERT INTO "Coordinates" VALUES (610,47.9858961653351,17.4644637837422,64);
INSERT INTO "Coordinates" VALUES (611,47.9857972513654,17.4644908572026,65);
INSERT INTO "Coordinates" VALUES (612,47.9857972513654,17.4644908572026,66);
INSERT INTO "Coordinates" VALUES (613,47.9857972513654,17.4644908572026,67);
INSERT INTO "Coordinates" VALUES (614,47.9858918420832,17.4644404125342,68);
INSERT INTO "Coordinates" VALUES (615,47.9858918420832,17.4644404125342,69);
INSERT INTO "Coordinates" VALUES (616,47.9859028231443,17.4644199185323,70);
INSERT INTO "Coordinates" VALUES (617,47.9858914981866,17.4644398546282,71);
INSERT INTO "Coordinates" VALUES (618,47.9857683018527,17.4642292789727,72);
INSERT INTO "Coordinates" VALUES (619,47.9857683018527,17.4642292789727,73);
INSERT INTO "Coordinates" VALUES (620,47.9858914981866,17.4644398546282,74);
INSERT INTO "Coordinates" VALUES (621,47.985916756302,17.4644513203655,75);
INSERT INTO "Coordinates" VALUES (622,47.9859832967504,17.4644480173292,76);
INSERT INTO "Coordinates" VALUES (623,47.9858915595045,17.4644419194749,77);
INSERT INTO "Coordinates" VALUES (624,47.9858915595045,17.4644419194749,78);
INSERT INTO "Coordinates" VALUES (625,47.9860390612756,17.4644369173743,79);
INSERT INTO "Coordinates" VALUES (626,47.9858917425671,17.4644392482475,80);
INSERT INTO "Coordinates" VALUES (627,47.9858917425671,17.4644392482475,81);
INSERT INTO "Coordinates" VALUES (628,47.9858793677038,17.4643961301722,82);
INSERT INTO "Coordinates" VALUES (629,47.9858791956989,17.4643885219023,83);
INSERT INTO "Coordinates" VALUES (630,47.9858917425671,17.4644392482475,84);
INSERT INTO "Coordinates" VALUES (631,47.9858917425671,17.4644392482475,85);
INSERT INTO "Coordinates" VALUES (632,47.9859076206021,17.4644176105693,86);
INSERT INTO "Coordinates" VALUES (633,47.9858920463791,17.464439682354,87);
INSERT INTO "Coordinates" VALUES (634,47.9858930126682,17.4644399215797,88);
INSERT INTO "Coordinates" VALUES (635,47.9858930126682,17.4644399215797,89);
INSERT INTO "Coordinates" VALUES (636,47.9858833213982,17.4644395002785,90);
INSERT INTO "Coordinates" VALUES (637,47.9859063049888,17.4644699950576,91);
INSERT INTO "Coordinates" VALUES (638,47.9858858601461,17.4643830913403,92);
INSERT INTO "Coordinates" VALUES (639,47.9858858601461,17.4643830913403,93);
INSERT INTO "Coordinates" VALUES (640,47.9859011332786,17.4643464933425,94);
INSERT INTO "Coordinates" VALUES (641,47.9859011332786,17.4643464933425,95);
INSERT INTO "Coordinates" VALUES (642,47.9858961572482,17.4644387901705,96);
INSERT INTO "Coordinates" VALUES (643,47.9858899068891,17.4644118035996,97);
INSERT INTO "Coordinates" VALUES (644,47.9858930126682,17.4644399215797,98);
INSERT INTO "Coordinates" VALUES (645,47.985908336744,17.4644345187185,99);
INSERT INTO "Coordinates" VALUES (646,47.9860286501954,17.464398128563,100);
INSERT INTO "Coordinates" VALUES (647,47.9860286501954,17.464398128563,101);
INSERT INTO "Coordinates" VALUES (648,47.9859047382005,17.4644512940971,102);
INSERT INTO "Coordinates" VALUES (649,47.9859250601323,17.4644462727557,103);
INSERT INTO "Coordinates" VALUES (650,47.9859171345733,17.4644353800793,104);
INSERT INTO "Coordinates" VALUES (651,47.9858957144378,17.4644192760796,105);
INSERT INTO "Coordinates" VALUES (652,47.9858930126682,17.4644399215797,106);
INSERT INTO "Coordinates" VALUES (653,47.9858991801689,17.4644260500713,107);
INSERT INTO "Coordinates" VALUES (654,47.9859138364456,17.4644481032251,108);
INSERT INTO "Coordinates" VALUES (655,47.985923214592,17.4644467783689,109);
INSERT INTO "Coordinates" VALUES (656,47.9858721661735,17.4644610893011,110);
INSERT INTO "Coordinates" VALUES (657,47.9858965601444,17.4644502052464,111);
INSERT INTO "Coordinates" VALUES (658,47.985904442475,17.4644368393349,112);
INSERT INTO "Coordinates" VALUES (659,47.985904442475,17.4644368393349,113);
INSERT INTO "Coordinates" VALUES (660,47.9858873206705,17.4644867233029,114);
INSERT INTO "Coordinates" VALUES (661,47.9858930126682,17.4644399215797,115);
INSERT INTO "Coordinates" VALUES (662,47.9859211180191,17.4644682343727,116);
INSERT INTO "Coordinates" VALUES (663,47.9858922891658,17.4644398026984,117);
INSERT INTO "Coordinates" VALUES (664,47.9859106793417,17.4644519732432,118);
INSERT INTO "Coordinates" VALUES (665,47.9859106793417,17.4644519732432,119);
INSERT INTO "Coordinates" VALUES (666,47.9858922891658,17.4644398026984,120);
INSERT INTO "Coordinates" VALUES (667,47.9859266168756,17.46446533267,121);
INSERT INTO "Coordinates" VALUES (668,47.9859636788589,17.4645300540975,124);
INSERT INTO "Coordinates" VALUES (669,47.9859734955375,17.4645319650693,124);
INSERT INTO "Coordinates" VALUES (670,47.9859664810937,17.4645178963681,124);
INSERT INTO "Coordinates" VALUES (671,47.9859306599992,17.464461181809,125);
INSERT INTO "Coordinates" VALUES (672,47.9859233896153,17.4644861661362,125);
INSERT INTO "Coordinates" VALUES (673,47.9859034331765,17.4644262721715,126);
INSERT INTO "Coordinates" VALUES (674,47.9859120985964,17.4644379463265,126);
INSERT INTO "Coordinates" VALUES (675,47.9859052572144,17.4644281921071,126);
INSERT INTO "Coordinates" VALUES (676,47.9858940375917,17.4644304027607,132);
INSERT INTO "Coordinates" VALUES (677,47.9859105202348,17.4644363326121,132);
INSERT INTO "Coordinates" VALUES (678,47.9859445339618,17.4643857735227,134);
INSERT INTO "Coordinates" VALUES (679,47.9856156046853,17.4647873775666,135);
INSERT INTO "Coordinates" VALUES (680,47.985491159674,17.4651110671289,135);
INSERT INTO "Coordinates" VALUES (681,47.9854923606633,17.4654647300477,135);
INSERT INTO "Coordinates" VALUES (682,47.9856802166912,17.4656990524473,135);
INSERT INTO "Coordinates" VALUES (683,47.9856802166912,17.4656990524473,135);
INSERT INTO "Coordinates" VALUES (684,47.9858594052857,17.4659302008872,135);
INSERT INTO "Coordinates" VALUES (685,47.9860216341978,17.4661689713105,135);
INSERT INTO "Coordinates" VALUES (686,47.9861826396055,17.4664120963949,135);
INSERT INTO "Coordinates" VALUES (687,47.9863514464381,17.4666599978369,135);
INSERT INTO "Coordinates" VALUES (688,47.9865152488082,17.4669103902604,135);
INSERT INTO "Coordinates" VALUES (689,47.9866900825339,17.4671596446341,135);
INSERT INTO "Coordinates" VALUES (690,47.9868511575302,17.4674037362843,135);
INSERT INTO "Coordinates" VALUES (691,47.9870132526341,17.4676429981973,135);
INSERT INTO "Coordinates" VALUES (692,47.9872043813591,17.4679299494191,135);
INSERT INTO "Coordinates" VALUES (693,47.9873775350772,17.4681679554407,135);
INSERT INTO "Coordinates" VALUES (694,47.9875580012017,17.4684206390925,135);
INSERT INTO "Coordinates" VALUES (695,47.9877243701112,17.4686584200185,135);
INSERT INTO "Coordinates" VALUES (696,47.987891798832,17.4689015579489,135);
INSERT INTO "Coordinates" VALUES (697,47.9880668629701,17.4691306842752,135);
INSERT INTO "Coordinates" VALUES (698,47.9882287149877,17.4693676891846,135);
INSERT INTO "Coordinates" VALUES (699,47.9883981551132,17.46963577026,135);
INSERT INTO "Coordinates" VALUES (700,47.988568481013,17.4699029100132,135);
INSERT INTO "Coordinates" VALUES (701,47.9887482582993,17.4701403265312,135);
INSERT INTO "Coordinates" VALUES (702,47.9889198472561,17.4703972445984,135);
INSERT INTO "Coordinates" VALUES (703,47.9890957465869,17.4706336256858,135);
INSERT INTO "Coordinates" VALUES (704,47.9892297451668,17.4709137996173,135);
INSERT INTO "Coordinates" VALUES (705,47.9894427865472,17.4710244105826,135);
INSERT INTO "Coordinates" VALUES (706,47.9894427865472,17.4710244105826,135);
INSERT INTO "Coordinates" VALUES (707,47.9896271869175,17.471269617891,135);
INSERT INTO "Coordinates" VALUES (708,47.9898059261138,17.4715322441632,135);
INSERT INTO "Coordinates" VALUES (709,47.9899750106103,17.4717814144333,135);
INSERT INTO "Coordinates" VALUES (710,47.9901503287806,17.472039561045,135);
INSERT INTO "Coordinates" VALUES (711,47.9903310075435,17.4723002850059,135);
INSERT INTO "Coordinates" VALUES (712,47.990518563444,17.4725329242313,135);
INSERT INTO "Coordinates" VALUES (713,47.9906286424199,17.4722199267555,135);
INSERT INTO "Coordinates" VALUES (714,47.9906286424199,17.4722199267555,135);
INSERT INTO "Coordinates" VALUES (715,47.9907017729678,17.4718661317338,135);
INSERT INTO "Coordinates" VALUES (716,47.9907572525664,17.4715199252379,135);
INSERT INTO "Coordinates" VALUES (717,47.9908054240231,17.4711915176218,135);
INSERT INTO "Coordinates" VALUES (718,47.9908603961218,17.4708638835395,135);
INSERT INTO "Coordinates" VALUES (719,47.990803313925,17.4711884157824,135);
INSERT INTO "Coordinates" VALUES (720,47.9907507410614,17.471514158963,135);
INSERT INTO "Coordinates" VALUES (721,47.9907013988763,17.4718484441162,135);
INSERT INTO "Coordinates" VALUES (722,47.9906282490198,17.4721711671756,135);
INSERT INTO "Coordinates" VALUES (723,47.9904832846351,17.4724359625208,135);
INSERT INTO "Coordinates" VALUES (724,47.9902628053687,17.472310345009,135);
INSERT INTO "Coordinates" VALUES (725,47.9902628053687,17.472310345009,135);
INSERT INTO "Coordinates" VALUES (726,47.9900953421705,17.4720642973228,135);
INSERT INTO "Coordinates" VALUES (727,47.9899206501188,17.4718061848793,135);
INSERT INTO "Coordinates" VALUES (728,47.9897584307397,17.4715734895376,135);
INSERT INTO "Coordinates" VALUES (729,47.9895859860223,17.4713563292332,135);
INSERT INTO "Coordinates" VALUES (730,47.9894357128232,17.4711061421803,135);
INSERT INTO "Coordinates" VALUES (731,47.9892209671775,17.4709292844427,135);
INSERT INTO "Coordinates" VALUES (732,47.9890734011019,17.4706526202117,135);
INSERT INTO "Coordinates" VALUES (733,47.9889146138474,17.4704133702434,135);
INSERT INTO "Coordinates" VALUES (734,47.9887448429539,17.4701616335625,135);
INSERT INTO "Coordinates" VALUES (735,47.9885763735953,17.4699171501303,135);
INSERT INTO "Coordinates" VALUES (736,47.9884120273524,17.469669196922,135);
INSERT INTO "Coordinates" VALUES (737,47.9882360686147,17.4694124331598,135);
INSERT INTO "Coordinates" VALUES (738,47.9880539318404,17.469160330872,135);
INSERT INTO "Coordinates" VALUES (739,47.987877916256,17.4688990300458,135);
INSERT INTO "Coordinates" VALUES (740,47.9877074117699,17.4686456206194,135);
INSERT INTO "Coordinates" VALUES (741,47.9875468757559,17.4684069318269,135);
INSERT INTO "Coordinates" VALUES (742,47.9873670343355,17.4681500779903,135);
INSERT INTO "Coordinates" VALUES (743,47.9871961231873,17.4679018655217,135);
INSERT INTO "Coordinates" VALUES (744,47.9870271574002,17.4676651238131,135);
INSERT INTO "Coordinates" VALUES (745,47.9868540971248,17.4674092670875,135);
INSERT INTO "Coordinates" VALUES (746,47.9866945936249,17.4671721508931,135);
INSERT INTO "Coordinates" VALUES (747,47.9865146266579,17.4669119386218,135);
INSERT INTO "Coordinates" VALUES (748,47.9863468334245,17.4666705097926,135);
INSERT INTO "Coordinates" VALUES (749,47.9861820642394,17.4664336658306,135);
INSERT INTO "Coordinates" VALUES (750,47.9860162483961,17.4661923380876,135);
INSERT INTO "Coordinates" VALUES (751,47.9858551922257,17.4659542962228,135);
INSERT INTO "Coordinates" VALUES (752,47.9856803072102,17.4657271442773,135);
INSERT INTO "Coordinates" VALUES (753,47.9855075445277,17.4654804838653,135);
INSERT INTO "Coordinates" VALUES (754,47.9855282829837,17.4651303805385,135);
INSERT INTO "Coordinates" VALUES (755,47.9855282829837,17.4651303805385,135);
INSERT INTO "Coordinates" VALUES (756,47.9856206307831,17.4647990913645,135);
INSERT INTO "Coordinates" VALUES (757,47.9857472750848,17.4645105373855,135);
INSERT INTO "Coordinates" VALUES (758,47.9857187444316,17.4646080732792,136);
INSERT INTO "Coordinates" VALUES (759,47.9857187444316,17.4646080732792,136);
INSERT INTO "Coordinates" VALUES (760,47.985592147771,17.4648937251887,136);
INSERT INTO "Coordinates" VALUES (761,47.985592147771,17.4648937251887,136);
INSERT INTO "Coordinates" VALUES (762,47.9854892205374,17.4651974486247,136);
INSERT INTO "Coordinates" VALUES (763,47.9855515913076,17.4655453949083,136);
INSERT INTO "Coordinates" VALUES (764,47.9855515913076,17.4655453949083,136);
INSERT INTO "Coordinates" VALUES (765,47.9857445065803,17.4657775408788,136);
INSERT INTO "Coordinates" VALUES (766,47.9855578944297,17.4655699345287,136);
INSERT INTO "Coordinates" VALUES (767,47.9854707233591,17.4652550334608,136);
INSERT INTO "Coordinates" VALUES (768,47.9854707233591,17.4652550334608,136);
INSERT INTO "Coordinates" VALUES (769,47.9855428562646,17.4648942736652,136);
INSERT INTO "Coordinates" VALUES (770,47.9856577259474,17.4645858542987,136);
INSERT INTO "Coordinates" VALUES (771,47.9858865683072,17.4646193295959,136);
INSERT INTO "Coordinates" VALUES (772,47.9858865683072,17.4646193295959,136);
INSERT INTO "Coordinates" VALUES (773,47.9856323814,17.4647712257916,137);
INSERT INTO "Coordinates" VALUES (774,47.9855273935781,17.4650995101142,137);
INSERT INTO "Coordinates" VALUES (775,47.9855273935781,17.4650995101142,137);
INSERT INTO "Coordinates" VALUES (776,47.9854725806233,17.4654376437844,137);
INSERT INTO "Coordinates" VALUES (777,47.9856323692848,17.4656744218499,137);
INSERT INTO "Coordinates" VALUES (778,47.9856323692848,17.4656744218499,137);
INSERT INTO "Coordinates" VALUES (779,47.9858044515606,17.4659088167831,137);
INSERT INTO "Coordinates" VALUES (780,47.9856139463985,17.4656533125482,137);
INSERT INTO "Coordinates" VALUES (781,47.9854456641525,17.4653750589351,137);
INSERT INTO "Coordinates" VALUES (782,47.9855557649118,17.4650302781937,137);
INSERT INTO "Coordinates" VALUES (783,47.9855557649118,17.4650302781937,137);
INSERT INTO "Coordinates" VALUES (784,47.9856642357914,17.4647254617212,137);
INSERT INTO "Coordinates" VALUES (785,47.9859434017706,17.464476452435,138);
INSERT INTO "Coordinates" VALUES (786,47.9859060008279,17.4644464086173,139);
INSERT INTO "Coordinates" VALUES (787,47.985981256195,17.4647596300845,139);
INSERT INTO "Coordinates" VALUES (788,47.986203628168,17.4647882761775,139);
INSERT INTO "Coordinates" VALUES (789,47.9859681596777,17.4646875980934,139);
INSERT INTO "Coordinates" VALUES (790,47.9858903682013,17.4644238504811,140);
INSERT INTO "Coordinates" VALUES (791,47.9858626518422,17.4644296800481,141);
INSERT INTO "UserConnections" VALUES (2,'ae43bebb-61c1-42e4-82d4-7d56d7752d86','8a2cea98-d90e-499a-bb59-726684c3dcb7','2024-12-30 21:28:41.4608246');
INSERT INTO "UserConnections" VALUES (3,'ae43bebb-61c1-42e4-82d4-7d56d7752d86','812c5485-083d-4345-b475-0a40f701490f','2024-12-30 22:07:55.753737');
INSERT INTO "UserConnections" VALUES (4,'6070f55c-a247-40ae-9d92-86bd17db807a','ae43bebb-61c1-42e4-82d4-7d56d7752d86','2025-01-30 22:13:55.2824872');
INSERT INTO "UserConnections" VALUES (5,'ae43bebb-61c1-42e4-82d4-7d56d7752d86','6070f55c-a247-40ae-9d92-86bd17db807a','2025-01-30 22:20:27.3098267');
INSERT INTO "UserConnections" VALUES (7,'ae43bebb-61c1-42e4-82d4-7d56d7752d86','453643c6-58aa-4da6-9a03-4f956ce07570','2025-02-18 17:59:04.4334948');
INSERT INTO "UserConnections" VALUES (9,'ae43bebb-61c1-42e4-82d4-7d56d7752d86','7b56d4c7-d71b-4170-a3a3-25ba61de3879','2025-02-26 21:28:16.0838284');
INSERT INTO "UserConnections" VALUES (10,'453643c6-58aa-4da6-9a03-4f956ce07570','ae43bebb-61c1-42e4-82d4-7d56d7752d86','2025-04-07 14:42:54.6472672');
INSERT INTO "UserConnections" VALUES (11,'453643c6-58aa-4da6-9a03-4f956ce07570','7b56d4c7-d71b-4170-a3a3-25ba61de3879','2025-04-07 14:58:34.9833857');
INSERT INTO "Comments" VALUES (1,78,'ae43bebb-61c1-42e4-82d4-7d56d7752d86','Hh','2025-02-08 13:16:45.763565');
INSERT INTO "Comments" VALUES (2,78,'ae43bebb-61c1-42e4-82d4-7d56d7752d86','Hi','2025-02-08 13:29:34.569653');
INSERT INTO "Comments" VALUES (3,78,'ae43bebb-61c1-42e4-82d4-7d56d7752d86','Hello','2025-02-08 13:33:11.6396027');
INSERT INTO "Comments" VALUES (4,78,'ae43bebb-61c1-42e4-82d4-7d56d7752d86','Ll','2025-02-08 13:33:41.9870029');
INSERT INTO "Comments" VALUES (5,77,'ae43bebb-61c1-42e4-82d4-7d56d7752d86','Helllooo','2025-02-08 13:37:37.0089417');
INSERT INTO "Comments" VALUES (6,78,'ae43bebb-61c1-42e4-82d4-7d56d7752d86','Hi','2025-02-08 14:09:09.2818692');
INSERT INTO "Comments" VALUES (7,78,'ae43bebb-61c1-42e4-82d4-7d56d7752d86','Hi','2025-02-08 14:09:12.1538585');
INSERT INTO "Comments" VALUES (8,78,'ae43bebb-61c1-42e4-82d4-7d56d7752d86','Nn','2025-02-08 14:25:42.8761409');
INSERT INTO "Comments" VALUES (9,78,'ae43bebb-61c1-42e4-82d4-7d56d7752d86','Bb','2025-02-09 20:49:47.8584422');
INSERT INTO "Comments" VALUES (10,78,'ae43bebb-61c1-42e4-82d4-7d56d7752d86','Hello','2025-02-09 21:06:57.8314728');
INSERT INTO "Comments" VALUES (11,113,'453643c6-58aa-4da6-9a03-4f956ce07570','Nynsn','2025-02-22 22:56:35.0003748');
INSERT INTO "Comments" VALUES (12,113,'453643c6-58aa-4da6-9a03-4f956ce07570','Nen','2025-02-22 23:11:29.566868');
INSERT INTO "Comments" VALUES (13,117,'ae43bebb-61c1-42e4-82d4-7d56d7752d86','Hello','2025-02-26 21:10:25.0824815');
INSERT INTO "Comments" VALUES (14,117,'ae43bebb-61c1-42e4-82d4-7d56d7752d86','Hello','2025-02-26 21:11:17.0838732');
INSERT INTO "Comments" VALUES (15,117,'ae43bebb-61c1-42e4-82d4-7d56d7752d86','Hi','2025-02-26 21:27:29.6610905');
INSERT INTO "Comments" VALUES (16,87,'ae43bebb-61c1-42e4-82d4-7d56d7752d86','Hello','2025-02-27 18:06:43.5832127');
INSERT INTO "Comments" VALUES (17,87,'ae43bebb-61c1-42e4-82d4-7d56d7752d86','Mukodj','2025-02-27 18:18:44.971489');
INSERT INTO "Comments" VALUES (18,77,'ae43bebb-61c1-42e4-82d4-7d56d7752d86','Hahoooo','2025-02-27 18:20:38.5712455');
INSERT INTO "Comments" VALUES (19,66,'ae43bebb-61c1-42e4-82d4-7d56d7752d86','Proba','2025-02-27 18:28:16.6719513');
INSERT INTO "Comments" VALUES (20,65,'ae43bebb-61c1-42e4-82d4-7d56d7752d86','Probw','2025-02-27 18:28:34.0580253');
INSERT INTO "Comments" VALUES (21,117,'ae43bebb-61c1-42e4-82d4-7d56d7752d86','Proba','2025-02-27 18:35:22.7102619');
INSERT INTO "Comments" VALUES (22,118,'ae43bebb-61c1-42e4-82d4-7d56d7752d86','Hello','2025-02-27 22:13:07.6713939');
INSERT INTO "Comments" VALUES (23,117,'ae43bebb-61c1-42e4-82d4-7d56d7752d86','Proba','2025-02-28 09:28:59.97757');
INSERT INTO "Comments" VALUES (24,117,'ae43bebb-61c1-42e4-82d4-7d56d7752d86','Hu','2025-02-28 09:43:06.7889007');
INSERT INTO "Comments" VALUES (25,117,'ae43bebb-61c1-42e4-82d4-7d56d7752d86','Jo futas','2025-02-28 09:45:19.1682971');
INSERT INTO "Comments" VALUES (26,78,'ae43bebb-61c1-42e4-82d4-7d56d7752d86','Helloooo','2025-02-28 09:53:20.5554659');
INSERT INTO "Comments" VALUES (27,65,'ae43bebb-61c1-42e4-82d4-7d56d7752d86','Proba','2025-02-28 10:14:56.7345179');
INSERT INTO "Comments" VALUES (28,67,'ae43bebb-61c1-42e4-82d4-7d56d7752d86','Hi','2025-02-28 10:17:28.7977084');
INSERT INTO "Comments" VALUES (29,78,'ae43bebb-61c1-42e4-82d4-7d56d7752d86','újabb próba','2025-02-28 10:20:12.7000464');
INSERT INTO "Comments" VALUES (30,66,'ae43bebb-61c1-42e4-82d4-7d56d7752d86','proba','2025-02-28 10:23:05.9136813');
INSERT INTO "Comments" VALUES (31,120,'ae43bebb-61c1-42e4-82d4-7d56d7752d86','Hi','2025-02-28 12:08:08.2248612');
INSERT INTO "Comments" VALUES (32,117,'ae43bebb-61c1-42e4-82d4-7d56d7752d86','Hello','2025-02-28 12:10:38.0756875');
INSERT INTO "Comments" VALUES (33,78,'ae43bebb-61c1-42e4-82d4-7d56d7752d86','proba','2025-02-28 12:23:28.5845687');
INSERT INTO "Comments" VALUES (34,117,'ae43bebb-61c1-42e4-82d4-7d56d7752d86','Hi','2025-04-03 17:24:57.5276');
INSERT INTO "Comments" VALUES (35,139,'ae43bebb-61c1-42e4-82d4-7d56d7752d86','Hello','2025-04-04 16:22:02.8812805');
INSERT INTO "Comments" VALUES (36,139,'ae43bebb-61c1-42e4-82d4-7d56d7752d86','Proba','2025-04-04 16:35:18.7592389');
INSERT INTO "Comments" VALUES (37,139,'ae43bebb-61c1-42e4-82d4-7d56d7752d86','Proba2','2025-04-04 16:37:50.2100559');
INSERT INTO "Comments" VALUES (38,136,'ae43bebb-61c1-42e4-82d4-7d56d7752d86','Proba','2025-04-04 16:46:56.9540127');
INSERT INTO "Comments" VALUES (39,136,'ae43bebb-61c1-42e4-82d4-7d56d7752d86','Hll','2025-04-06 13:06:25.752698');
INSERT INTO "Likes" VALUES (9,78,'ae43bebb-61c1-42e4-82d4-7d56d7752d86');
INSERT INTO "Likes" VALUES (10,113,'453643c6-58aa-4da6-9a03-4f956ce07570');
INSERT INTO "Likes" VALUES (12,113,'ae43bebb-61c1-42e4-82d4-7d56d7752d86');
INSERT INTO "Likes" VALUES (18,114,'453643c6-58aa-4da6-9a03-4f956ce07570');
INSERT INTO "Likes" VALUES (22,11,'ae43bebb-61c1-42e4-82d4-7d56d7752d86');
INSERT INTO "Likes" VALUES (29,67,'ae43bebb-61c1-42e4-82d4-7d56d7752d86');
INSERT INTO "Likes" VALUES (30,66,'ae43bebb-61c1-42e4-82d4-7d56d7752d86');
INSERT INTO "Likes" VALUES (31,65,'ae43bebb-61c1-42e4-82d4-7d56d7752d86');
INSERT INTO "Likes" VALUES (34,120,'ae43bebb-61c1-42e4-82d4-7d56d7752d86');
INSERT INTO "Likes" VALUES (36,119,'ae43bebb-61c1-42e4-82d4-7d56d7752d86');
INSERT INTO "Likes" VALUES (38,117,'ae43bebb-61c1-42e4-82d4-7d56d7752d86');
INSERT INTO "Likes" VALUES (42,139,'ae43bebb-61c1-42e4-82d4-7d56d7752d86');
INSERT INTO "Likes" VALUES (43,87,'ae43bebb-61c1-42e4-82d4-7d56d7752d86');
INSERT INTO "Likes" VALUES (44,136,'ae43bebb-61c1-42e4-82d4-7d56d7752d86');
INSERT INTO "Likes" VALUES (45,138,'ae43bebb-61c1-42e4-82d4-7d56d7752d86');
INSERT INTO "Challenges" VALUES (3,'Run 8 km together','2025-04-07 14:58:11.8014347','453643c6-58aa-4da6-9a03-4f956ce07570','ae43bebb-61c1-42e4-82d4-7d56d7752d86','2025-03-31 14:58:11.8012703','Failed');
INSERT INTO "ChallengeInvitations" VALUES (2,'6070f55c-a247-40ae-9d92-86bd17db807a','ae43bebb-61c1-42e4-82d4-7d56d7752d86',0,'2025-04-03 16:59:31.3812842');
CREATE INDEX IF NOT EXISTS "IX_KilometerPaces_RunId" ON "KilometerPaces" (
	"RunId"
);
CREATE INDEX IF NOT EXISTS "EmailIndex" ON "AspNetUsers" (
	"NormalizedEmail"
);
CREATE UNIQUE INDEX IF NOT EXISTS "UserNameIndex" ON "AspNetUsers" (
	"NormalizedUserName"
);
CREATE INDEX IF NOT EXISTS "IX_Runs_UserId" ON "Runs" (
	"UserId"
);
CREATE INDEX IF NOT EXISTS "IX_Coordinates_RunId" ON "Coordinates" (
	"RunId"
);
CREATE INDEX IF NOT EXISTS "IX_UserConnections_FollowedUserId" ON "UserConnections" (
	"FollowedUserId"
);
CREATE UNIQUE INDEX IF NOT EXISTS "IX_UserConnections_FollowingUserId_FollowedUserId" ON "UserConnections" (
	"FollowingUserId",
	"FollowedUserId"
);
CREATE INDEX IF NOT EXISTS "IX_Comments_RunId" ON "Comments" (
	"RunId"
);
CREATE INDEX IF NOT EXISTS "IX_Likes_RunId" ON "Likes" (
	"RunId"
);
CREATE INDEX IF NOT EXISTS "IX_Challenges_InviteeId" ON "Challenges" (
	"InviteeId"
);
CREATE INDEX IF NOT EXISTS "IX_Challenges_InviterId" ON "Challenges" (
	"InviterId"
);
CREATE INDEX IF NOT EXISTS "IX_ChallengeInvitations_InviteeId" ON "ChallengeInvitations" (
	"InviteeId"
);
CREATE INDEX IF NOT EXISTS "IX_ChallengeInvitations_InviterId" ON "ChallengeInvitations" (
	"InviterId"
);
COMMIT;
